place_id,name,types,rating,user_ratings_total,price_level,lat,lon,vicinity,business_status,editorial_summary,website,international_phone_number,cuisine_detected,cuisine_source,top_review_language,top_language_share,n_reviews_fetched,review_language_counts_json,cuisine_detected_ext,cuisine_source_ext,brand_name,brand_category,brand_source
ChIJxyLwkRHZdUgRUo3ANVfCTg8,The Jovial Sailor Ripley,"bar,establishment,food,point_of_interest,restaurant",4.3,1523.0,2.0,51.2894022,-0.5021131000000001,"Portsmouth Road Ripley, Woking",OPERATIONAL,Pub in a historic building with garden seating offering a classic & creative food menu & drinks.,http://www.baronspubs.com/jovialsailor/,+44 1483 224360,unknown,,en,1.0,5,"{""en"": 5}",american,extended_text,,,
ChIJZa8q9BrZdUgRffRW4ycIR-U,Shell,"cafe,convenience_store,establishment,food,gas_station,point_of_interest,restaurant,store",3.2,48.0,2.0,51.281842,-0.513326,"Portsmouth Rd, Send, Woking",OPERATIONAL,,https://find.shell.com/gb/fuel/10019487-shell-little-waitrose-burnt-common/en_GB,+44 1483 223469,unknown,,en,1.0,5,"{""en"": 5}",european,extended_text,,,
ChIJywrlUoDRdUgR8-Z61BloOfg,Pig Out Pizza Limited,"establishment,food,point_of_interest,restaurant",5.0,1.0,,51.2901661,-0.502703,"Ripley Nurseries, Ripple nurseries, Portsmouth Rd, Ripley, Woking",OPERATIONAL,,,+44 7867 867415,unknown,,und,1.0,1,"{""und"": 1}",italian,extended_text,,,
ChIJ16mpRD3ZdUgRIupSNHUOsds,M&S Food To Go,"convenience_store,establishment,food,grocery_or_supermarket,point_of_interest,restaurant,store,supermarket",2.6,55.0,2.0,51.2929471,-0.4899991,"Ripley By-Pass Wisley, A3,10, Woking",OPERATIONAL,,https://www.marksandspencer.com/stores/guildford-wisley-north-bp-0083?extid=local,+44 1483 211062,unknown,,en,1.0,5,"{""en"": 5}",cafe,extended_keywords,,,
ChIJAcqe0zzZdUgR3pDe79_xkh0,M&S Food To Go,"convenience_store,establishment,food,grocery_or_supermarket,point_of_interest,restaurant,store,supermarket",2.9,96.0,2.0,51.2936083,-0.4876465,"Ripley By-Pass A3, Wisley South Guildford BP, South Street 43, Woking",OPERATIONAL,,https://www.marksandspencer.com/stores/guildford-wisley-south-bp-0156?extid=local,+44 333 014 8555,unknown,,en,1.0,5,"{""en"": 5}",cafe,extended_keywords,,,
ChIJ8c-c0zzZdUgRA867pS2LwkQ,Starbucks Coffee,"cafe,establishment,food,meal_takeaway,point_of_interest,restaurant,store",3.8,1150.0,2.0,51.29259,-0.4904899999999999,"A3, Wisley A3 Services North, Ripley, Woking",OPERATIONAL,"Seattle-based coffeehouse chain known for its signature roasts, light bites and WiFi availability.",https://www.starbucks.co.uk/store-locator/28689,+44 1483 225513,unknown,,en,1.0,5,"{""en"": 5}",cafe,brand,starbucks,coffee,name
ChIJKXprQB_ZdUgRzr9vxNhxOPk,Pinnock's,"cafe,establishment,food,point_of_interest,restaurant,store",4.7,817.0,2.0,51.2999141,-0.4931878,"Pinnocks, High St, Ripley, Woking",OPERATIONAL,,http://pinnocks.coffee/,+44 1483 222419,unknown,,en,1.0,5,"{""en"": 5}",cafe,extended_keywords,,,
ChIJMy2jyix62EcRiVfD8YoT_a8,Toby Cottage Restaurant,"bar,establishment,food,point_of_interest,restaurant",4.7,405.0,,51.298405,-0.495565,"High St, Ripley, Woking",OPERATIONAL,Nostalgic aura to one-time cottage shop with English and continental menus and Toby Jug decoration.,https://tobycottage.co.uk/,+44 1483 224225,unknown,,en,1.0,5,"{""en"": 5}",european,extended_text,,,
ChIJfwthMSPZdUgRqQGSSgZzcxQ,Starbucks Wisley A3 Southbound,"cafe,establishment,food,meal_takeaway,point_of_interest,restaurant,store",3.8,813.0,2.0,51.29338000000001,-0.4879600000000001,"Ripley By-Pass, Ripley, Woking",OPERATIONAL,"Seattle-based coffeehouse chain known for its signature roasts, light bites and WiFi availability.",https://www.starbucks.co.uk/store-locator/52098,+44 1483 222453,unknown,,en,1.0,5,"{""en"": 5}",cafe,brand,starbucks,coffee,name
ChIJKXprQB_ZdUgR3g3-wX6snrk,The Ripley Anchor,"bar,establishment,food,point_of_interest,restaurant",4.5,428.0,3.0,51.29955289999999,-0.4932074,"High St, Ripley, Woking",OPERATIONAL,"Homely pub with 16th-century roots offering real ales, plus a dining area for creative British fare.",http://www.ripleyanchor.co.uk/,+44 1483 211866,unknown,,en,1.0,5,"{""en"": 5}",french,extended_text,,,
ChIJPRWKaR_ZdUgRY8yX50Wt9iQ,Sea Salt,"establishment,food,meal_takeaway,point_of_interest,restaurant",4.5,238.0,1.0,51.3000209,-0.4925173,"8 High St, Ripley, Woking",OPERATIONAL,,,+44 1483 479334,unknown,,en,1.0,5,"{""en"": 5}",indian,extended_text,,,
ChIJyYQug_jmh0gRAGrOtua1NM8,The Drift Golf Club,"establishment,food,health,point_of_interest,restaurant,store",4.5,247.0,,51.2887226,-0.4298545,"The Drift, East Horsley, Leatherhead",OPERATIONAL,,http://www.driftgolfclub.com/,+44 1483 284641,unknown,,en,1.0,5,"{""en"": 5}",italian,extended_text,,,
ChIJ487yJ5vedUgRYzN61ITciw8,La Meridiana,"establishment,food,point_of_interest,restaurant",4.5,448.0,3.0,51.2781058,-0.4359485,"Ockham Rd S, East Horsley, Leatherhead",OPERATIONAL,"High-end Italian dining in relaxed, restaurant with pastel stucco walls and Tuscan landscape murals.",http://www.lameridiana.co.uk/,+44 1483 284343,unknown,,en,1.0,5,"{""en"": 5}",italian,extended_text,,,
ChIJ3QCleMcLdkgRfVt3ykCVuwQ,Orindi’s Deli (Cafe and Catering),"cafe,establishment,food,grocery_or_supermarket,point_of_interest,restaurant,store",4.8,132.0,,51.2781016,-0.4350548,"1 Cobham Way, East Horsley, Leatherhead",OPERATIONAL,,http://www.orindideli.com/,+44 20 8541 4606,unknown,,en,1.0,5,"{""en"": 5}",italian,extended_text,,,
ChIJ_Wjwn5HedUgRatd6amP7KUc,Merry-House ChineseTakeaway Surrey | Malaysian | Fish & Chips,"establishment,food,meal_takeaway,point_of_interest,restaurant",4.3,137.0,2.0,51.2768097,-0.4352304,"Shop 3, Parade Court, Ockham Rd S, East Horsley, Leatherhead",OPERATIONAL,,https://www.merry-house.co.uk/menu-printed-version/,+44 1483 283790,unknown,,en,1.0,5,"{""en"": 5}",indian,extended_text,,,
ChIJ7XILjODfdUgRngSGBjY9USw,Tara Bar and Restaurant,"establishment,food,point_of_interest,restaurant",4.5,45.0,,51.27736950000001,-0.4355377,"8 Station Parade, Ockham Rd S, East Horsley, Leatherhead",OPERATIONAL,,https://tarabarandrestaurant.wixsite.com/easthorsley,+44 7473 561076,unknown,,en,1.0,5,"{""en"": 5}",indian,extended_text,,,
ChIJC4n4m5HedUgR1GYvFAbqT-U,Kirthon,"establishment,food,meal_takeaway,point_of_interest,restaurant",4.5,111.0,2.0,51.277106,-0.434826,"Station Parade, Ockham Rd S, East Horsley, Leatherhead",OPERATIONAL,,http://www.kirthon.co.uk/,+44 1483 285588,unknown,,en,1.0,5,"{""en"": 5}",unknown,,,,
ChIJL349MBfedUgRBxmaTMSD6Ko,Ye Olde Windsor Castle,"bar,establishment,food,point_of_interest,restaurant",4.2,711.0,2.0,51.2788325,-0.3876148,"25 Little Bookham St, Great Bookham, Leatherhead",OPERATIONAL,Pub with a menu of traditional British dishes & a family-friendly vibe.,https://www.chefandbrewer.com/pubs/surrey/ye-olde-windsor-castle?utm_source=g_places&utm_medium=locations&utm_campaign=CB_pubpage,+44 1372 452226,unknown,,en,1.0,5,"{""en"": 5}",british,extended_text,,,
ChIJQ-YufKTgdUgRnrS2ZgsiEJY,Happy Diner,"establishment,food,meal_takeaway,point_of_interest,restaurant",4.4,151.0,2.0,51.2780579,-0.3645935,"Leatherhead Rd, Great Bookham, Surrey",OPERATIONAL,,,+44 1372 458330,unknown,,en,1.0,5,"{""en"": 5}",chinese,extended_text,,,
ChIJl6DjqaDgdUgROQDmBwAA-ic,The Royal Oak,"bar,establishment,food,park,point_of_interest,restaurant",4.3,148.0,2.0,51.278631,-0.3737791,"16 High St, Great Bookham, Leatherhead",OPERATIONAL,,http://royaloakbookham.com/,+44 1372 453383,unknown,,en,1.0,5,"{""en"": 5}",american,extended_text,,,
ChIJ3bEGRB7edUgRk8eW8MTyBok,Great Bookham Tandoori Restaurant,"establishment,food,meal_takeaway,point_of_interest,restaurant",4.3,201.0,2.0,51.2799272,-0.3755968,"41 Church Rd, Great Bookham, Leatherhead",OPERATIONAL,,https://www.greatbookhamtandoori.co.uk/,+44 1372 459136,unknown,,en,1.0,5,"{""en"": 5}",indian,extended_text,,,
ChIJe1v3HB7edUgRt4CuCOD8v8o,"The Old Crown, A Heartwood Inn","bar,establishment,food,point_of_interest,restaurant",4.2,212.0,2.0,51.27916800000001,-0.37383,"Old Crown Inn, 1 High St, Great Bookham, Leatherhead",OPERATIONAL,,https://oldcrowngreatbookham.com/?utm_source=google&utm_medium=organic&utm_campaign=google_business_profile,+44 1372 303102,unknown,,en,1.0,5,"{""en"": 5}",italian,extended_text,,,
ChIJi8U8Rx7edUgRiblJjSj5k_o,Carolina’s Coffee Shop,"cafe,establishment,food,point_of_interest,restaurant,store",4.7,180.0,2.0,51.2799972,-0.3752736,"24 Church Rd, Great Bookham, Leatherhead",OPERATIONAL,,https://www.instagram.com/carolinasbookham?igsh=NG43OW5uY3g2ODdi,+44 1372 650941,unknown,,en,1.0,5,"{""en"": 5}",cafe,extended_keywords,,,
ChIJszvxQx7edUgRZzMHxRTN3IM,Bookham Charcoal Grill,"establishment,food,point_of_interest,restaurant",4.6,228.0,1.0,51.2798959,-0.375553,"37 Church Rd, Great Bookham, Leatherhead",OPERATIONAL,,http://www.bookhamcharcoalgrill.co.uk/,+44 1372 450717,unknown,,en,1.0,5,"{""en"": 5}",turkish,extended_text,,,
ChIJYWkFQB7edUgRTOdIAMKNGS8,Del Fuoco Pizzeria,"establishment,food,meal_delivery,point_of_interest,restaurant",4.1,134.0,,51.2796391,-0.3751733,"17 Church Rd, Great Bookham, Leatherhead",OPERATIONAL,,http://www.delfuoco.co.uk/,+44 1372 877490,unknown,,en,1.0,5,"{""en"": 5}",italian,extended_text,,,
ChIJx1gLbGDfdUgR5_O4WgwCsfU,Cafe De La Poste,"cafe,establishment,food,point_of_interest,restaurant",4.0,12.0,,51.27960220000001,-0.375033,"15 Church Rd, Great Bookham, Leatherhead",OPERATIONAL,,https://cafedelapostetakeaway.co.uk/order-now,+44 1372 200142,unknown,,en,1.0,5,"{""en"": 5}",cafe,extended_keywords,,,
ChIJAcakSKrfdUgRuR28JMGGq1M,The Hidden Kitchen,"establishment,food,point_of_interest,restaurant",4.4,16.0,,51.28169,-0.3683615,"The Anchor, 161 Lower Rd, Great Bookham, Leatherhead",OPERATIONAL,,https://www.the-hidden-kitchen.co.uk/,+44 1372 452429,unknown,,en,1.0,5,"{""en"": 5}",british,extended_text,,,
ChIJ3aoaoxvhdUgRibcAJhpsu58,Rawcous Kitchen,"establishment,food,point_of_interest,restaurant",5.0,66.0,,51.2785563,-0.3732678,"The Old Granary, 23 High St, Great Bookham, Leatherhead",CLOSED_TEMPORARILY,,,,unknown,,en,1.0,5,"{""en"": 5}",indian,extended_text,,,
ChIJAxCHBTPfdUgRURG3KrMx5Ng,Courtyard Restaurant,"establishment,food,point_of_interest,restaurant",5.0,3.0,,51.2748927,-0.3862079,"Rectory Ln, Little Bookham, Great Bookham, Leatherhead",OPERATIONAL,,,,unknown,,en,1.0,3,"{""en"": 3}",cafe,extended_keywords,,,
ChIJf7GPivbhdUgRbi5X7cg-vkg,Chicken Cottage Bookham Hylands,"establishment,food,point_of_interest,restaurant",2.7,7.0,1.0,51.2775647,-0.3659722,"Hylands Service station, Leatherhead Rd, Great Bookham, Leatherhead",OPERATIONAL,"Counter-serve chain for fried or grilled chicken & chips, burgers & wings in a no-nonsense setting.",https://chickencottage.com/chicken-cottage-bookham-hylands/,,unknown,,en,0.8,5,"{""en"": 4, ""und"": 1}",caribbean,extended_text,,,
ChIJu7_FeqTgdUgRgsMQshLxdY8,Michael's,"establishment,food,meal_takeaway,point_of_interest,restaurant",4.2,274.0,2.0,51.2777318,-0.3654952,"5, New Parade, Leatherhead Rd, Great Bookham, Leatherhead",OPERATIONAL,Chain retailer carrying art & hobby supplies plus home decor (most offer classes & custom framing).,,+44 1372 454265,unknown,,en,1.0,5,"{""en"": 5}",british,extended_text,,,
ChIJR8SJeo7gdUgR4q4IUCPfh0A,"Surrey Spice,Finest Indian Takeaway, Fetcham","establishment,food,meal_delivery,meal_takeaway,point_of_interest,restaurant",4.6,82.0,,51.29609139999999,-0.3568837,"87 The St, Fetcham, Leatherhead",OPERATIONAL,,https://surreyspicefetcham.co.uk/,+44 1372 361787,unknown,,en,1.0,5,"{""en"": 5}",indian,extended_text,,,
ChIJ_bgO35PgdUgR3QVkvi-fwnc,The Bell,"bar,establishment,food,point_of_interest,restaurant",4.4,864.0,2.0,51.291057,-0.354917,"Bell Lane, Fetcham, Leatherhead",OPERATIONAL,"Hip, contemporary gastropub serving high-end British fare and pub grub, real ales and a kids' menu.",https://www.bellfetcham.com/,+44 1372 372624,unknown,,en,1.0,5,"{""en"": 5}",british,extended_text,,,
ChIJMYLkfI7gdUgRFesJVMX5PPo,Trattoria Da Carlo,"establishment,food,point_of_interest,restaurant",4.5,69.0,,51.296501,-0.356931,"103 The St, Fetcham, Leatherhead",OPERATIONAL,Pizza-free Italian restaurant with classic options served à la carte or as a fixed-price menu.,http://www.trattoriadacarlo.co.uk/,+44 1372 372118,unknown,,en,1.0,5,"{""en"": 5}",italian,extended_text,,,
ChIJ_xrig47gdUgR5ZtQklsrZM4,Fetcham Tandoori,"establishment,food,point_of_interest,restaurant",4.2,198.0,3.0,51.2970233,-0.3565535,"248 Cobham Rd, Fetcham, Leatherhead",OPERATIONAL,"Established restaurant with stripped wooden floors, serving traditional Indian cuisine.",https://fetchamtandoori.co.uk/,+44 1372 374927,unknown,,en,1.0,5,"{""en"": 5}",indian,extended_text,,,
ChIJN-J9cI7gdUgRFrigIx-hiy0,Wings Garden,"establishment,food,meal_delivery,meal_takeaway,point_of_interest,restaurant",3.0,52.0,,51.296003,-0.3568816,"83 The St, Fetcham, Leatherhead",OPERATIONAL,,,+44 1372 379307,unknown,,en,1.0,5,"{""en"": 5}",indian,extended_text,,,
ChIJ0UMEAv7hdUgRZydpK35X7gc,Fetcham Fish Bar,"establishment,food,meal_takeaway,point_of_interest,restaurant",4.3,18.0,,51.29609,-0.3569617,"85 The St, Fetcham, Leatherhead",OPERATIONAL,,http://fetchamfishbar.com/,+44 1372 374321,unknown,,en,1.0,5,"{""en"": 5}",british,extended_text,,,
ChIJQa980Y3gdUgRFimwxg69RJY,GreenWise,"cafe,establishment,food,health,point_of_interest,restaurant,store",4.6,150.0,2.0,51.29634069999999,-0.3557944,"236-240 Cobham Rd, Fetcham, Leatherhead",OPERATIONAL,,http://www.greenwiseshop.com/,+44 1372 200914,unknown,,en,1.0,5,"{""en"": 5}",cafe,extended_keywords,,,
ChIJXWVysvzgdUgRi0SxevVm_IU,Running Horse,"bar,establishment,food,point_of_interest,restaurant",4.3,618.0,2.0,51.2944364,-0.3321231,"38 Bridge St, Leatherhead",OPERATIONAL,"600-year-old inn with real fires, pewter tankards hanging from oak beams and hand-pulled ales.",https://www.running-horse.co.uk/,+44 1372 372081,unknown,,en,1.0,5,"{""en"": 5}",british,extended_text,,,
ChIJgTmlNv3gdUgRt4bZ8DUIVSI,Prezzo Italian Restaurant Leatherhead,"establishment,food,point_of_interest,restaurant",4.1,541.0,2.0,51.2944888,-0.3286233,"Manor House, 21-25 Church St, Leatherhead",OPERATIONAL,"Casual Italian chain restaurant for stone-baked pizzas and classic pastas, plus separate kids' menu.",https://www.prezzo.co.uk/restaurants/leatherhead/,+44 1372 231725,unknown,,en,1.0,5,"{""en"": 5}",italian,extended_text,,,
ChIJnezn9C8y30cR-bcnZTeMMjM,Tops Pizza Leatherhead,"establishment,food,meal_delivery,meal_takeaway,point_of_interest,restaurant",4.2,182.0,1.0,51.2954273,-0.3267533,"46a High St, Leatherhead",OPERATIONAL,,https://topspizza.co.uk/leatherhead,+44 1372 363699,unknown,,en,1.0,5,"{""en"": 5}",italian,extended_text,,,
ChIJg4mWNvzgdUgRhfyocLPfwC8,M&S Simply Food,"convenience_store,establishment,food,grocery_or_supermarket,point_of_interest,restaurant,store,supermarket",3.4,8.0,2.0,51.2980883,-0.3305312,"20 Kingston Rd, Leatherhead",OPERATIONAL,,https://www.marksandspencer.com/stores/leatherhead-bp-5273?extid=local,+44 333 014 8555,unknown,,en,1.0,5,"{""en"": 5}",unknown,,,,
ChIJcz21cuXgdUgRNa6l0i8bma4,Domino's Pizza - Leatherhead,"establishment,food,meal_delivery,meal_takeaway,point_of_interest,restaurant",3.7,180.0,2.0,51.2920874,-0.3371658,"2 Sunmead Cl, Fetcham, Leatherhead",OPERATIONAL,Delivery/carryout chain offering a wide range of pizzas & a variety of other dishes & sides.,https://www.dominos.co.uk/pizza-near-me/leatherhead/2-sunmead-parade?utm_source=gmb&utm_medium=yext&y_source=1_MTIxMzc1MzctNzE1LWxvY2F0aW9uLndlYnNpdGU%3D,+44 1372 379000,unknown,,en,1.0,5,"{""en"": 5}",italian,brand,dominos,pizza,name
ChIJQUXWxPzgdUgR2sG0dKgTMAM,Five Rivers Indian Restaurant Leatherhead,"establishment,food,point_of_interest,restaurant",4.1,282.0,2.0,51.2950752,-0.3307601,"12-14 Bridge St, Leatherhead",OPERATIONAL,Unpretentious contemporary curry house and takeaway serving classic Punjabi and Bangladeshi dishes.,http://www.the-five-rivers.co.uk/,+44 1372 362288,unknown,,en,1.0,5,"{""en"": 5}",indian,extended_text,,,
ChIJcz21cuXgdUgROfpWnFBuIoA,Zen Garden Chinese Restaurant,"establishment,food,meal_takeaway,point_of_interest,restaurant",4.2,257.0,2.0,51.29174,-0.3376207000000001,"1 Guildford Rd, Fetcham, Leatherhead",OPERATIONAL,"Chinese dishes, dim sum and an 'everlasting' Sunday buffet, plus takeaway and delivery services",http://www.zengardenrestaurant.net/,+44 1372 362757,unknown,,en,1.0,5,"{""en"": 5}",chinese,extended_text,,,
ChIJ84hGoALhdUgR0v_OAbQsVo0,Thai Pinto Restaurant & Bar,"bar,establishment,food,point_of_interest,restaurant",4.3,191.0,2.0,51.295396,-0.3268405,"Gothic Cottage, 36-38 High St, Leatherhead",OPERATIONAL,,http://www.thaipinto.co.uk/,+44 1372 388304,unknown,,en,1.0,5,"{""en"": 5}",thai,extended_text,,,
ChIJj-bl3_zgdUgRrrLqmR1Ytp4,Penny Black,"bar,establishment,food,point_of_interest,restaurant",4.3,829.0,2.0,51.2955137,-0.3301219,"5 North St, Leatherhead",OPERATIONAL,Pub in former Post Office with leather sofas and outdoor seating plus sharing platters and burgers.,https://www.pennyblackleatherhead.co.uk/,+44 1372 386719,unknown,,en,1.0,5,"{""en"": 5}",italian,extended_text,,,
ChIJn4wuZ_3gdUgRTAuIa1kfMMA,Piazza Firenze - Leatherhead,"establishment,food,point_of_interest,restaurant",4.5,387.0,2.0,51.2955181,-0.3275021,"45-47 High St, Leatherhead",OPERATIONAL,"Family-run restaurant with simple, contemporary decor, for Italian classics such as pizza and pasta.",http://www.piazza-firenze.com/,+44 1372 378852,unknown,,en,1.0,5,"{""en"": 5}",italian,extended_text,,,
ChIJEagu4fzgdUgRh77MoHHscso,Leatherhead Grill,"establishment,food,meal_takeaway,point_of_interest,restaurant",4.0,104.0,2.0,51.2956336,-0.3302905,"7 North St, Leatherhead",OPERATIONAL,,https://alleatapp.com/menu-leatherhead-grill-kebab-shop,+44 1372 360500,unknown,,en,1.0,5,"{""en"": 5}",turkish,extended_text,,,
ChIJ5890M_3gdUgRBGkCUJVsfKg,Blue Cafe,"cafe,establishment,food,point_of_interest,restaurant,store",4.3,263.0,1.0,51.2942407,-0.328928,"Cycle Works, 52-56 Church St, Leatherhead",OPERATIONAL,,https://ymaps.top/blue-cafe,+44 7846 108540,unknown,,en,1.0,5,"{""en"": 5}",polish,extended_text,,,
ChIJscyd2fzgdUgRYmlJqJCUDPg,Botan Kebabs,"establishment,food,point_of_interest,restaurant",4.4,359.0,2.0,51.2949375,-0.3302218,"13 Bridge St, Leatherhead",OPERATIONAL,,https://botankebabsurrey.co.uk/,+44 1372 379452,unknown,,en,1.0,5,"{""en"": 5}",turkish,extended_text,,,
ChIJ5QvnZnThdUgRiU8K9joZHTU,Skoops (Leatherhead),"establishment,food,point_of_interest,restaurant,store",3.6,194.0,,51.2944496,-0.3286402,"Manor House, 27 Church St, Leatherhead",CLOSED_TEMPORARILY,,https://www.skoops.co.uk/leatherhead/?mtm_campaign=Business%20Profiles&mtm_kwd=Google%20Business,+44 1372 372722,unknown,,en,1.0,5,"{""en"": 5}",unknown,,,,
ChIJb-pDTADhdUgRA6-ymu2B1-Y,McDonald’s Leatherhead,"establishment,food,point_of_interest,restaurant",2.7,211.0,,51.294742,-0.3287848,"9, Manor House, 17 Church St, Leatherhead",OPERATIONAL,"Classic, long-running fast-food chain known for its burgers & fries.",https://www.mcdonalds.com/gb/en-gb/location/leatherhead/leatherhead---church-street/9-17-church-street/8262194.html,+44 1372 851022,unknown,,en,1.0,5,"{""en"": 5}",american,brand,mcdonalds,burger,name
ChIJn11i6c_hdUgRVv2sUqQiFCc,Saffron Bloom,"establishment,food,point_of_interest,restaurant",4.9,65.0,,51.2953269,-0.3295109,"1 High St, Leatherhead",OPERATIONAL,,https://www.saffronbloom.co.uk/,+44 1372 810068,unknown,,en,1.0,5,"{""en"": 5}",middle_eastern,extended_text,,,
ChIJwVzq273hdUgRXSNb8ocaPkI,Royal Fried Chicken and Pizza Leatherhead,"establishment,food,point_of_interest,restaurant",4.3,6.0,,51.2955114,-0.3298396,"12 North St, Leatherhead",OPERATIONAL,,,+44 1372 811101,unknown,,en,1.0,5,"{""en"": 5}",italian,extended_text,,,
ChIJUT-BWVrhdUgRnHkwr_CMMx8,Subway,"establishment,food,point_of_interest,restaurant",4.4,143.0,1.0,51.2952906,-0.3285156,"14 High St, Leatherhead",OPERATIONAL,"Casual counter-serve chain for build-your-own sandwiches & salads, with health-conscious options.",http://restaurants.subway.com/,+44 1372 811198,unknown,,en,1.0,5,"{""en"": 5}",american,brand,subway,sandwich,name
ChIJ6zhX2EjhdUgRz7SCgmDEqxg,Han Kitchen Restaurant,"establishment,food,point_of_interest,restaurant",4.9,181.0,,51.29540189999999,-0.3281756,"31 High St, Leatherhead",OPERATIONAL,,https://hankitchen.co.uk/,+44 1372 650055,unknown,,en,1.0,5,"{""en"": 5}",turkish,extended_text,,,
ChIJzzZZ8pPhdUgRTssQkZBXns8,Kawamura Leatherhead,"establishment,food,meal_takeaway,point_of_interest,restaurant",4.9,118.0,,51.29541649999999,-0.3279319,"37 High St, Leatherhead",OPERATIONAL,,,+44 1372 878682,unknown,,en,1.0,5,"{""en"": 5}",indian,extended_text,,,
ChIJZdaMAOvhdUgRZJupMRFjxrM,Karahi House,"establishment,food,meal_takeaway,point_of_interest,restaurant",3.8,32.0,,51.29510639999999,-0.3261971,"26 The Crescent, Leatherhead",OPERATIONAL,,https://karahihouse.co.uk/,+44 1372 373787,unknown,,en,1.0,5,"{""en"": 5}",indian,extended_text,,,
ChIJ4Yi1xBrhdUgR-DEucOBeFT8,"Ruchi Fine Indian Cuisine, Leatherhead","establishment,food,meal_takeaway,point_of_interest,restaurant",3.7,75.0,2.0,51.29510639999999,-0.3261971,"26 The Crescent, Leatherhead",OPERATIONAL,,https://ruchileatherhead.co.uk/,+44 1372 377000,unknown,,en,1.0,5,"{""en"": 5}",indian,extended_text,,,
ChIJn4wuZ_3gdUgRFGT3JFjrcKE,Sunshine Cafe Leatherhead,"cafe,establishment,food,point_of_interest,restaurant",4.6,269.0,1.0,51.29556669999999,-0.327196,"55 High St, Leatherhead",OPERATIONAL,,https://m.facebook.com/Sunshine-Cafe-Leatherhead-1628151110803156/?locale2=en_GB#!/Sunshine-Cafe-Leatherhead-1628151110803156/?locale2=en_GB,+44 1372 377714,unknown,,en,1.0,5,"{""en"": 5}",cafe,extended_keywords,,,
ChIJFQK3vALhdUgRoNckTGfgKi4,JP & Chef,"establishment,food,meal_takeaway,point_of_interest,restaurant",4.1,122.0,,51.295196,-0.326172,"28 The Crescent, Leatherhead",OPERATIONAL,,,+44 1372 378780,unknown,,en,1.0,5,"{""en"": 5}",chinese,extended_text,,,
ChIJgettoDvhdUgR9cFOG7wUR6w,The Garden House,"establishment,food,point_of_interest,restaurant",4.6,192.0,,51.2778888,-0.3064308,"Beaverbrook, Reigate Rd, Leatherhead",OPERATIONAL,,https://www.beaverbrook.co.uk/eat-drink/the-garden-house-restaurant/,+44 1372 571300,unknown,,en,1.0,5,"{""en"": 5}",unknown,,,,
ChIJ0_v_DDvhdUgRxzrIBql2T7c,Beaverbrook,"bar,establishment,food,lodging,point_of_interest,restaurant,spa",4.6,598.0,,51.277009,-0.3122132,"Reigate Rd, Leatherhead",OPERATIONAL,"Elegant hotel on a 162-hectare estate offering country-chic quarters, a restaurant & gardens.",https://www.beaverbrook.co.uk/,+44 1372 571300,unknown,,en,1.0,5,"{""en"": 5}",japanese,extended_text,,,
ChIJ32Lo4HLhdUgRsN6xbTifujQ,The Pizzeria at the Deli,"establishment,food,point_of_interest,restaurant",5.0,1.0,,51.2776375,-0.3130922,"Beaverbrook, Reigate Rd, Leatherhead",OPERATIONAL,,,,unknown,,en,1.0,1,"{""en"": 1}",unknown,,,,
ChIJCbbvoDvhdUgRTs015zTFKLw,The Dining Room - Japanese Grill,"establishment,food,point_of_interest,restaurant",4.7,95.0,,51.277067,-0.3123913,"Beaverbrook, Reigate Rd, Leatherhead",OPERATIONAL,,https://www.beaverbrook.co.uk/eat-drink/the-dining-room/,+44 1372 571300,unknown,,en,1.0,5,"{""en"": 5}",japanese,extended_text,,,
ChIJtQ5uPgDhdUgRQUBXL6PqM2c,Mrs Beeton’s Restaurant,"establishment,food,point_of_interest,restaurant",4.8,4.0,,51.273321,-0.3146389,"3A Mickleham Dr, Mickleham, Dorking",OPERATIONAL,,,,unknown,,en,0.5,4,"{""en"": 2, ""und"": 2}",british,extended_text,,,
ChIJnRPSBeTjdUgR7i-s8OSo8yk,The Cock Inn,"bar,establishment,food,point_of_interest,restaurant",4.2,1035.0,2.0,51.2797427,-0.2744744,"Church Ln, Headley, Epsom",OPERATIONAL,Bright contemporary pub retaining its traditional charm and serving a British food menu.,http://www.cockinnheadley.co.uk/,+44 1372 851007,unknown,,en,1.0,5,"{""en"": 5}",american,extended_text,,,
ChIJm5sKk5jjdUgRHGaY4Vi9kJU,The Blue Ball,"bar,establishment,food,point_of_interest,restaurant",4.1,699.0,2.0,51.2834991,-0.2410793,"Deans Ln, Walton on the Hill, Tadworth",OPERATIONAL,,https://theblueballtadworth.co.uk/,+44 1737 819003,unknown,,en,1.0,5,"{""en"": 5}",british,extended_text,,,
ChIJW7TXfpjjdUgRmPjbwnR3HdU,Spaghetti Tree,"establishment,food,meal_takeaway,point_of_interest,restaurant",4.3,615.0,2.0,51.283961,-0.241878,"1 Walton St, Walton on the Hill, Tadworth",OPERATIONAL,"Lively family-run restaurant with pond and heath views, contemporary decor and an Italian menu.",http://www.spaghettitree.co.uk/,+44 1737 819919,unknown,,en,1.0,5,"{""en"": 5}",italian,extended_text,,,
ChIJ2_pi9JbjdUgRVrLZE7ip84I,The Chequers,"bar,establishment,food,point_of_interest,restaurant",4.4,940.0,2.0,51.2809701,-0.2491206,"Chequers Ln, Walton on the Hill, Tadworth",OPERATIONAL,"Unfussy British food and pub grub classics in a village inn with smart modern looks, plus real ale.",https://www.chequerspub.co.uk/,+44 1737 812364,unknown,,en,1.0,5,"{""en"": 5}",british,extended_text,,,
ChIJb1jYOJbjdUgR7prw2TrxDPk,The Dog House,"bar,establishment,food,point_of_interest,restaurant",4.5,273.0,2.0,51.283123,-0.2460844,"72 Walton St, Walton on the Hill, Tadworth",OPERATIONAL,,http://www.foxandhounds.net/,+44 1737 817744,unknown,,en,1.0,5,"{""en"": 5}",american,extended_text,,,
ChIJeZdUCQrjdUgRWlb9jlPtBDY,Tiger Lily,"establishment,food,meal_delivery,meal_takeaway,point_of_interest,restaurant",4.3,174.0,2.0,51.2882894,-0.2328212,"17 High St, Tadworth",OPERATIONAL,"Classic and homestyle Chinese fare is served in this bijou, white and lavender decorated restaurant.",https://alleatapp.com/menu-tigerlily-chinese-kt20,+44 1737 812319,unknown,,en,1.0,5,"{""en"": 5}",chinese,extended_text,,,
ChIJkfLbDZjjdUgRfXsu-h7XGRc,Walton Spice,"establishment,food,meal_takeaway,point_of_interest,restaurant",4.4,115.0,,51.28330279999999,-0.2437333,"22 Walton St, Walton on the Hill, Tadworth",OPERATIONAL,,http://www.waltonspice.co.uk/,+44 1737 814206,unknown,,en,1.0,5,"{""en"": 5}",indian,extended_text,,,
ChIJTZ6qVm_jdUgRk1o3EM_kUnI,Walton Chinese Takeaway,"establishment,food,meal_takeaway,point_of_interest,restaurant",4.6,62.0,,51.283031,-0.244734,"39 Walton St, Walton on the Hill, Tadworth",OPERATIONAL,,http://www.waltonchinese.co.uk/,+44 1737 423541,unknown,,en,1.0,5,"{""en"": 5}",chinese,extended_text,,,
ChIJNWpp5D3jdUgRFiuDoyeoBlU,Pizza Project Walton,"establishment,food,meal_takeaway,point_of_interest,restaurant",4.7,56.0,,51.283406,-0.243525,"16 Walton St, Walton on the Hill, Tadworth",OPERATIONAL,,https://www.thepizzaproject.co.uk/pizza-project-walton,+44 1737 949166,unknown,,en,1.0,5,"{""en"": 5}",italian,extended_text,,,
ChIJraXnzHbjdUgRmTo0-mnx4qM,KT20 Bakehouse,"bakery,cafe,establishment,food,meal_takeaway,point_of_interest,restaurant,store",4.8,38.0,,51.2880421,-0.2315376,"9 High St, Tadworth",OPERATIONAL,,https://www.kt20bakehouse.com/kt20,+44 1737 813511,unknown,,en,1.0,5,"{""en"": 5}",cafe,extended_keywords,,,
ChIJ7cEy4JvjdUgRmVKHu-_sDWk,Blue Anchor Tadworth,"bar,establishment,food,point_of_interest,restaurant",4.5,1354.0,2.0,51.2865462,-0.2285389,"Dorking Rd, Tadworth",OPERATIONAL,Stylish leather seating and fish portraits in an airy country gastropub specialising in fish dishes.,https://www.theblueanchortadworth.co.uk/?utm_source=google&utm_medium=organic&utm_campaign=gmb-homepage,+44 1737 819760,unknown,,en,1.0,5,"{""en"": 5}",british,extended_text,,,
ChIJqYjNoQ7jdUgR5s8EnvJ6MR0,Inn on the Green,"bar,establishment,food,point_of_interest,restaurant",4.6,1000.0,2.0,51.29093599999999,-0.226067,"Dorking Rd, Tadworth",OPERATIONAL,"Elevated pub fare & draft beers offered in a warm, charming environment with terrace seating.",http://www.thegrumpymole.co.uk/tadworth/,+44 1737 353529,unknown,,en,1.0,5,"{""en"": 5}",british,extended_text,,,
ChIJhbS7QEjjdUgRRQrZK8jgAJ0,Well House Inn,"bar,establishment,food,point_of_interest,restaurant",4.6,840.0,2.0,51.28259449999999,-0.1970464,"Chipstead Ln, Coulsdon",OPERATIONAL,"Wholesome dishes, Sunday roasts and cask ales served in a 1500s country pub with fireplaces.",https://thewellhouseinn.co.uk/,+44 1737 830640,unknown,,en,1.0,5,"{""en"": 5}",american,extended_text,,,
ChIJ099DUOz8dUgR70wMMytHL2s,Starbucks Coffee,"cafe,establishment,food,meal_takeaway,point_of_interest,restaurant,store",4.2,1664.0,2.0,51.28724,-0.15499,"119 London Rd N, Merstham, Redhill",OPERATIONAL,"Seattle-based coffeehouse chain known for its signature roasts, light bites and WiFi availability.",https://www.starbucks.co.uk/store-locator/12901,+44 1737 550382,unknown,,en,1.0,5,"{""en"": 5}",cafe,brand,starbucks,coffee,name
ChIJmUQg557-dUgR9cl7u9ZSsj4,Raja Tandoori,"establishment,food,point_of_interest,restaurant",4.7,192.0,2.0,51.28711750000001,-0.0889866,"4 High St, Caterham",OPERATIONAL,,,+44 1883 348099,unknown,,en,1.0,5,"{""en"": 5}",indian,extended_text,,,
ChIJqUL91pf-dUgRPzlatv4RvI8,Papa Johns Pizza,"establishment,food,point_of_interest,restaurant",3.3,100.0,2.0,51.2834262,-0.0785685,"61a Croydon Rd, Caterham",OPERATIONAL,"Pizza take-out & delivery chain offering classic & specialty pizzas, plus wings, sides & desserts.",https://www.papajohns.co.uk/stores/caterham?utm_source=yext-google-my-business&utm_medium=organic&utm_campaign=local-listing,+44 1883 348877,unknown,,en,1.0,5,"{""en"": 5}",italian,brand,papa johns,pizza,name
ChIJTTfXzZf-dUgR2FGbPIUnSgs,Mazzy's Grill,"establishment,food,liquor_store,meal_takeaway,point_of_interest,restaurant,store",4.2,95.0,1.0,51.2848848,-0.0788783,"82 Croydon Rd, Caterham",OPERATIONAL,,http://www.mazzysgrill.co.uk/,+44 1883 341111,unknown,,en,1.0,5,"{""en"": 5}",turkish,extended_text,,,
ChIJT-yQgb3-dUgRcM93bIKnJsY,Balti Express Bangladeshi & Indian Takeaway,"establishment,food,meal_takeaway,point_of_interest,restaurant",4.4,50.0,,51.2838216,-0.0784353,"50 Croydon Rd, Caterham",OPERATIONAL,,https://baltiexpresscr3.co.uk/,+44 1883 331161,unknown,,en,1.0,5,"{""en"": 5}",indian,extended_text,,,
ChIJk_7Amb3-dUgRLBEqLDI7Ezo,Buzz Kebab - The Best Quality Food,"establishment,food,point_of_interest,restaurant",4.2,86.0,1.0,51.2835844,-0.078231,"40 Croydon Rd, Caterham",OPERATIONAL,,http://www.buzzkebabonline.co.uk/,+44 1883 337012,unknown,,en,1.0,5,"{""en"": 5}",turkish,extended_text,,,
ChIJh0lmu73-dUgRpJJF4LjCM6w,Favorite Chicken & Ribs Caterham,"establishment,food,meal_takeaway,point_of_interest,restaurant",4.7,519.0,1.0,51.2824938,-0.0776777,"11 Croydon Rd, Caterham",OPERATIONAL,,https://favorite.co.uk/store-finder/favorite-chicken-ribs-caterham.html/?utm_source=gmb&utm_medium=yext&y_source=1_NTEyMzcxMDEtNzE1LWxvY2F0aW9uLndlYnNpdGU%3D,+44 1883 345232,unknown,,en,1.0,5,"{""en"": 5}",unknown,,,,
ChIJ_yZQtJf-dUgR-2XPhO0z4tU,Domino's Pizza - Caterham,"establishment,food,meal_delivery,meal_takeaway,point_of_interest,restaurant",4.0,161.0,2.0,51.28431699999999,-0.0788146,"66- 68 Croydon Rd, Caterham",OPERATIONAL,Delivery/carryout chain offering a wide range of pizzas & a variety of other dishes & sides.,https://www.dominos.co.uk/pizza-near-me/caterham/66-68-croydon-road?utm_source=gmb&utm_medium=yext&y_source=1_MTIxMzc2MjEtNzE1LWxvY2F0aW9uLndlYnNpdGU%3D,+44 1883 342888,unknown,,en,1.0,5,"{""en"": 5}",italian,brand,dominos,pizza,name
ChIJvczKluj_dUgRUqvyP4QbwMU,Alcohol Pm To Am,"establishment,food,meal_takeaway,point_of_interest,restaurant",,,,51.28702209999999,-0.0890021,"Surrey, 6 High St, Caterham",OPERATIONAL,,https://alcoholpmtoam.co.uk/order-now,+44 1883 344088,unknown,,,0.0,0,{},unknown,,,,
ChIJkRL1Otf_dUgRneZLIB8hUIM,Namaste London - Indian Restaurant Caterham,"establishment,food,meal_takeaway,point_of_interest,restaurant",4.9,295.0,,51.2866915,-0.0888317,"16 High St, Caterham",OPERATIONAL,,https://namasteindiancaterham.co.uk/,+44 1883 339692,unknown,,en,1.0,5,"{""en"": 5}",indian,extended_text,,,
ChIJs4MmIJ_-dUgR7AYgZeSzoDA,Caterham Chippy (Formerly Caterham Fish Bar ).,"establishment,food,meal_takeaway,point_of_interest,restaurant",4.2,136.0,,51.2865994,-0.0887917,"20 High St, Caterham",OPERATIONAL,,,+44 1883 342345,unknown,,en,1.0,5,"{""en"": 5}",british,extended_text,,,
ChIJqUL91pf-dUgR3mkRY_Z6_so,La Fiaba Del Mediterraneo,"bar,establishment,food,point_of_interest,restaurant",4.6,297.0,2.0,51.28642310000001,-0.0887881,"Scm Contractors Ltd, 22A High St, Caterham",OPERATIONAL,,http://lafiaba.co.uk/,+44 1883 337719,unknown,,en,1.0,5,"{""en"": 5}",italian,extended_text,,,
ChIJxRRuRp_-dUgRX8ghelKvA48,"The Royal Oak, Caterham","bar,cafe,establishment,food,point_of_interest,restaurant",4.3,68.0,,51.2850897,-0.088243,"The Royal Oak, 68 High St, Caterham",OPERATIONAL,,,+44 20 4568 0811,unknown,,en,1.0,5,"{""en"": 5}",american,extended_text,,,
ChIJESGKSJ_-dUgR-U53ja6Fs2M,Caterham Charcoal Grill,"establishment,food,meal_delivery,meal_takeaway,point_of_interest,restaurant",4.6,246.0,1.0,51.2852064,-0.0879587999999999,"75 High St, Caterham",OPERATIONAL,,https://www.caterhamcharcoalgrill.co.uk/,+44 1883 343810,unknown,,en,1.0,5,"{""en"": 5}",unknown,,,,
ChIJq8TWmr3-dUgRfC4uAg0wrqI,Bua Thai Caterham Restaurant,"establishment,food,point_of_interest,restaurant",4.5,235.0,2.0,51.2838625,-0.0784406,"Surrey, 52 Croydon Rd, Caterham",OPERATIONAL,,https://buathaicaterham.com/,+44 1883 345903,unknown,,en,1.0,5,"{""en"": 5}",indian,extended_text,,,
ChIJUxqJ073-dUgR8-TEfL0GQMc,The Kerala,"establishment,food,point_of_interest,restaurant",4.3,263.0,2.0,51.2835072,-0.0785453,"63 Croydon Rd, Caterham",OPERATIONAL,,http://www.thekerala.co.uk/,+44 1883 343803,unknown,,en,1.0,5,"{""en"": 5}",indian,extended_text,,,
ChIJ1dJgg73-dUgRmgEb_01vIFA,Pop Inn Cafe,"cafe,establishment,food,point_of_interest,restaurant",4.6,244.0,1.0,51.28348399999999,-0.078138,"36 Croydon Rd, Caterham",OPERATIONAL,,http://www.popinncafe.co.uk/,+44 1883 330067,unknown,,en,1.0,5,"{""en"": 5}",cafe,extended_keywords,,,
ChIJMx1ZxEr_dUgRP9GzpYEinMw,Subway,"establishment,food,meal_takeaway,point_of_interest,restaurant",3.0,36.0,1.0,51.2831517,-0.0782277,"49 Croydon Rd, Caterham",OPERATIONAL,"Casual counter-serve chain for build-your-own sandwiches & salads, with health-conscious options.",https://restaurants.subway.com/united-kingdom/en/caterham/49-croydon-road?y_source=1_MjA3MTc1ODAtNzE1LWxvY2F0aW9uLmdvb2dsZV93ZWJzaXRlX292ZXJyaWRl,+44 1883 818558,unknown,,en,1.0,5,"{""en"": 5}",american,brand,subway,sandwich,name
ChIJ-WjGmr3-dUgRGJZdg1P84-M,Pizza Express,"establishment,food,meal_takeaway,point_of_interest,restaurant",4.3,484.0,2.0,51.2827795,-0.0774301,"10 Croydon Rd, Caterham",OPERATIONAL,Chain pizzeria where chefs in striped t-shirts toss handmade pizzas in a relaxed space.,https://www.pizzaexpress.com/caterham?utm_source=GMB&utm_medium=Website&utm_campaign=GMB-WEB-2021-caterham,+44 1883 342717,unknown,,en,1.0,5,"{""en"": 5}",italian,brand,pizzaexpress,pizza,website
sample_xaZ6ij9z1e,The Greek Spot 0,"restaurant,food,point_of_interest,establishment",4.9,1374.0,4.0,51.51675250780071,-0.1069328620108005,"City of London, London",OPERATIONAL,A popular Greek restaurant in the heart of the city.,http://example.com,+44 20 1234 5678,greek,manual,en,1.0,5,"{""en"": 5}",greek,manual,,,
sample_64rLbD57b1,The Greek Spot 1,"restaurant,food,point_of_interest,establishment",4.3,369.0,4.0,51.52155741507544,-0.1020270954771214,"City of London, London",OPERATIONAL,A popular Greek restaurant in the heart of the city.,http://example.com,+44 20 1234 5678,greek,manual,en,1.0,5,"{""en"": 5}",greek,manual,,,
sample_dM7IhBkxf5,The Italian Spot 2,"restaurant,food,point_of_interest,establishment",4.2,1300.0,4.0,51.5137388721766,-0.1027911545988397,"City of London, London",OPERATIONAL,A popular Italian restaurant in the heart of the city.,http://example.com,+44 20 1234 5678,italian,manual,en,1.0,5,"{""en"": 5}",italian,manual,,,
sample_GDZ4NymT8h,The Lebanese Spot 3,"restaurant,food,point_of_interest,establishment",4.1,1936.0,2.0,51.50209417294547,-0.103823314767464,"City of London, London",OPERATIONAL,A popular Lebanese restaurant in the heart of the city.,http://example.com,+44 20 1234 5678,lebanese,manual,en,1.0,5,"{""en"": 5}",lebanese,manual,,,
sample_WaLItafKzu,The Lebanese Spot 4,"restaurant,food,point_of_interest,establishment",4.4,721.0,2.0,51.51209189875832,-0.0831002959793199,"City of London, London",OPERATIONAL,A popular Lebanese restaurant in the heart of the city.,http://example.com,+44 20 1234 5678,lebanese,manual,en,1.0,5,"{""en"": 5}",lebanese,manual,,,
sample_wfghdBb2R5,The Korean Spot 5,"restaurant,food,point_of_interest,establishment",4.3,813.0,1.0,51.5028560632727,-0.1087166669664606,"City of London, London",OPERATIONAL,A popular Korean restaurant in the heart of the city.,http://example.com,+44 20 1234 5678,korean,manual,en,1.0,5,"{""en"": 5}",korean,manual,,,
sample_boxszkw8CI,The Spanish Spot 6,"restaurant,food,point_of_interest,establishment",4.0,585.0,2.0,51.50846538090644,-0.0822936616051833,"City of London, London",OPERATIONAL,A popular Spanish restaurant in the heart of the city.,http://example.com,+44 20 1234 5678,spanish,manual,en,1.0,5,"{""en"": 5}",spanish,manual,,,
sample_wuO6OoXdML,The Lebanese Spot 7,"restaurant,food,point_of_interest,establishment",3.7,1896.0,1.0,51.50423816436928,-0.0965796571049182,"City of London, London",OPERATIONAL,A popular Lebanese restaurant in the heart of the city.,http://example.com,+44 20 1234 5678,lebanese,manual,en,1.0,5,"{""en"": 5}",lebanese,manual,,,
sample_gA5Zt483hv,The Chinese Spot 8,"restaurant,food,point_of_interest,establishment",4.4,1287.0,4.0,51.506389041394016,-0.1080991076541523,"City of London, London",OPERATIONAL,A popular Chinese restaurant in the heart of the city.,http://example.com,+44 20 1234 5678,chinese,manual,en,1.0,5,"{""en"": 5}",chinese,manual,,,
sample_iSmgaJiQjU,The Indian Spot 9,"restaurant,food,point_of_interest,establishment",4.8,804.0,4.0,51.50565120777763,-0.0722218058067221,"City of London, London",OPERATIONAL,A popular Indian restaurant in the heart of the city.,http://example.com,+44 20 1234 5678,indian,manual,en,1.0,5,"{""en"": 5}",indian,manual,,,
sample_m9yUYicro7,The Peruvian Spot 10,"restaurant,food,point_of_interest,establishment",3.7,1194.0,2.0,51.51310574041664,-0.1088775795516988,"City of London, London",OPERATIONAL,A popular Peruvian restaurant in the heart of the city.,http://example.com,+44 20 1234 5678,peruvian,manual,en,1.0,5,"{""en"": 5}",peruvian,manual,,,
sample_Ksn8WOcwpb,The Korean Spot 11,"restaurant,food,point_of_interest,establishment",4.5,581.0,2.0,51.50985849043953,-0.1058624945918028,"City of London, London",OPERATIONAL,A popular Korean restaurant in the heart of the city.,http://example.com,+44 20 1234 5678,korean,manual,en,1.0,5,"{""en"": 5}",korean,manual,,,
sample_jbHkfX4pBf,The Polish Spot 12,"restaurant,food,point_of_interest,establishment",4.2,1112.0,4.0,51.50954448461115,-0.0952566916444406,"City of London, London",OPERATIONAL,A popular Polish restaurant in the heart of the city.,http://example.com,+44 20 1234 5678,polish,manual,en,1.0,5,"{""en"": 5}",polish,manual,,,
sample_cwI16G5Jrj,The Brazilian Spot 13,"restaurant,food,point_of_interest,establishment",5.0,1080.0,2.0,51.51434779738005,-0.0741868606698122,"City of London, London",OPERATIONAL,A popular Brazilian restaurant in the heart of the city.,http://example.com,+44 20 1234 5678,brazilian,manual,en,1.0,5,"{""en"": 5}",brazilian,manual,,,
sample_jE701reIR2,The Korean Spot 14,"restaurant,food,point_of_interest,establishment",3.5,1788.0,4.0,51.51047671661655,-0.0883457346656288,"City of London, London",OPERATIONAL,A popular Korean restaurant in the heart of the city.,http://example.com,+44 20 1234 5678,korean,manual,en,1.0,5,"{""en"": 5}",korean,manual,,,
sample_4H2NWKepZm,The Indian Spot 15,"restaurant,food,point_of_interest,establishment",4.1,1072.0,1.0,51.50283824962829,-0.0829672729493919,"City of London, London",OPERATIONAL,A popular Indian restaurant in the heart of the city.,http://example.com,+44 20 1234 5678,indian,manual,en,1.0,5,"{""en"": 5}",indian,manual,,,
sample_Jw48MBJmA1,The Mexican Spot 16,"restaurant,food,point_of_interest,establishment",4.4,863.0,2.0,51.51169064117173,-0.0793275408281897,"City of London, London",OPERATIONAL,A popular Mexican restaurant in the heart of the city.,http://example.com,+44 20 1234 5678,mexican,manual,en,1.0,5,"{""en"": 5}",mexican,manual,,,
sample_IynOyzc0uJ,The Peruvian Spot 17,"restaurant,food,point_of_interest,establishment",4.4,1452.0,1.0,51.51501528956893,-0.0898934913235228,"City of London, London",OPERATIONAL,A popular Peruvian restaurant in the heart of the city.,http://example.com,+44 20 1234 5678,peruvian,manual,en,1.0,5,"{""en"": 5}",peruvian,manual,,,
sample_uzvKk6Y6qV,The Brazilian Spot 18,"restaurant,food,point_of_interest,establishment",4.1,1669.0,2.0,51.51825036783483,-0.0782814607229476,"City of London, London",OPERATIONAL,A popular Brazilian restaurant in the heart of the city.,http://example.com,+44 20 1234 5678,brazilian,manual,en,1.0,5,"{""en"": 5}",brazilian,manual,,,
sample_y1T0awjLil,The Caribbean Spot 19,"restaurant,food,point_of_interest,establishment",4.1,1132.0,2.0,51.50474021176952,-0.0808122992195517,"City of London, London",OPERATIONAL,A popular Caribbean restaurant in the heart of the city.,http://example.com,+44 20 1234 5678,caribbean,manual,en,1.0,5,"{""en"": 5}",caribbean,manual,,,
sample_FEGlArhosh,The Greek Spot 20,"restaurant,food,point_of_interest,establishment",4.4,1793.0,3.0,51.50565907095312,-0.0860600321198117,"City of London, London",OPERATIONAL,A popular Greek restaurant in the heart of the city.,http://example.com,+44 20 1234 5678,greek,manual,en,1.0,5,"{""en"": 5}",greek,manual,,,
sample_Blv1VOEHF8,The Lebanese Spot 21,"restaurant,food,point_of_interest,establishment",4.6,734.0,4.0,51.50894518358267,-0.0833140572248718,"City of London, London",OPERATIONAL,A popular Lebanese restaurant in the heart of the city.,http://example.com,+44 20 1234 5678,lebanese,manual,en,1.0,5,"{""en"": 5}",lebanese,manual,,,
sample_5GuuhVI16c,The Mexican Spot 22,"restaurant,food,point_of_interest,establishment",4.5,1171.0,4.0,51.51207678384784,-0.0972304513690011,"City of London, London",OPERATIONAL,A popular Mexican restaurant in the heart of the city.,http://example.com,+44 20 1234 5678,mexican,manual,en,1.0,5,"{""en"": 5}",mexican,manual,,,
sample_qK6mo1XoiC,The Japanese Spot 23,"restaurant,food,point_of_interest,establishment",4.9,837.0,1.0,51.502986170043066,-0.1092768697247444,"City of London, London",OPERATIONAL,A popular Japanese restaurant in the heart of the city.,http://example.com,+44 20 1234 5678,japanese,manual,en,1.0,5,"{""en"": 5}",japanese,manual,,,
sample_r8uqFt8GWK,The Italian Spot 24,"restaurant,food,point_of_interest,establishment",4.7,1876.0,2.0,51.52169857617248,-0.0703622754936513,"City of London, London",OPERATIONAL,A popular Italian restaurant in the heart of the city.,http://example.com,+44 20 1234 5678,italian,manual,en,1.0,5,"{""en"": 5}",italian,manual,,,
sample_IorvIMIoK2,The Turkish Spot 25,"restaurant,food,point_of_interest,establishment",4.7,503.0,4.0,51.5116043469032,-0.0876074085779127,"City of London, London",OPERATIONAL,A popular Turkish restaurant in the heart of the city.,http://example.com,+44 20 1234 5678,turkish,manual,en,1.0,5,"{""en"": 5}",turkish,manual,,,
sample_GJKWkAI57W,The Italian Spot 26,"restaurant,food,point_of_interest,establishment",4.6,1299.0,4.0,51.51420078608881,-0.1021500139410124,"City of London, London",OPERATIONAL,A popular Italian restaurant in the heart of the city.,http://example.com,+44 20 1234 5678,italian,manual,en,1.0,5,"{""en"": 5}",italian,manual,,,
sample_Ph0PTasl9K,The Turkish Spot 27,"restaurant,food,point_of_interest,establishment",5.0,951.0,4.0,51.505474631656654,-0.1003186280441441,"City of London, London",OPERATIONAL,A popular Turkish restaurant in the heart of the city.,http://example.com,+44 20 1234 5678,turkish,manual,en,1.0,5,"{""en"": 5}",turkish,manual,,,
sample_cGkcg15Sjc,The Polish Spot 28,"restaurant,food,point_of_interest,establishment",4.8,479.0,2.0,51.511523835807296,-0.0824099529847449,"City of London, London",OPERATIONAL,A popular Polish restaurant in the heart of the city.,http://example.com,+44 20 1234 5678,polish,manual,en,1.0,5,"{""en"": 5}",polish,manual,,,
sample_S5NbehvoIE,The Vietnamese Spot 29,"restaurant,food,point_of_interest,establishment",4.8,1265.0,3.0,51.50397180820651,-0.1068739424489452,"City of London, London",OPERATIONAL,A popular Vietnamese restaurant in the heart of the city.,http://example.com,+44 20 1234 5678,vietnamese,manual,en,1.0,5,"{""en"": 5}",vietnamese,manual,,,
sample_72QhPYG7xo,The Malaysian Spot 30,"restaurant,food,point_of_interest,establishment",3.9,1703.0,4.0,51.51052932080849,-0.0739509912168971,"City of London, London",OPERATIONAL,A popular Malaysian restaurant in the heart of the city.,http://example.com,+44 20 1234 5678,malaysian,manual,en,1.0,5,"{""en"": 5}",malaysian,manual,,,
sample_JPotmYDtpU,The Greek Spot 31,"restaurant,food,point_of_interest,establishment",3.9,1615.0,2.0,51.5032173861258,-0.0933710219855312,"City of London, London",OPERATIONAL,A popular Greek restaurant in the heart of the city.,http://example.com,+44 20 1234 5678,greek,manual,en,1.0,5,"{""en"": 5}",greek,manual,,,
sample_2FynJOBaWA,The Lebanese Spot 32,"restaurant,food,point_of_interest,establishment",4.5,1913.0,1.0,51.51859288667922,-0.0959655584429638,"City of London, London",OPERATIONAL,A popular Lebanese restaurant in the heart of the city.,http://example.com,+44 20 1234 5678,lebanese,manual,en,1.0,5,"{""en"": 5}",lebanese,manual,,,
sample_qz24a8C2gg,The Greek Spot 33,"restaurant,food,point_of_interest,establishment",3.7,570.0,3.0,51.51475147583527,-0.0872643098919453,"City of London, London",OPERATIONAL,A popular Greek restaurant in the heart of the city.,http://example.com,+44 20 1234 5678,greek,manual,en,1.0,5,"{""en"": 5}",greek,manual,,,
sample_4nHlMWtAwJ,The Brazilian Spot 34,"restaurant,food,point_of_interest,establishment",4.2,645.0,2.0,51.51741181684453,-0.0722866569066793,"City of London, London",OPERATIONAL,A popular Brazilian restaurant in the heart of the city.,http://example.com,+44 20 1234 5678,brazilian,manual,en,1.0,5,"{""en"": 5}",brazilian,manual,,,
sample_gVttXFP5kg,The Mexican Spot 35,"restaurant,food,point_of_interest,establishment",4.7,1600.0,3.0,51.51705918167658,-0.0897607732762242,"City of London, London",OPERATIONAL,A popular Mexican restaurant in the heart of the city.,http://example.com,+44 20 1234 5678,mexican,manual,en,1.0,5,"{""en"": 5}",mexican,manual,,,
sample_3sT37WCik9,The Malaysian Spot 36,"restaurant,food,point_of_interest,establishment",4.8,1410.0,1.0,51.50354281893939,-0.0942800586867175,"City of London, London",OPERATIONAL,A popular Malaysian restaurant in the heart of the city.,http://example.com,+44 20 1234 5678,malaysian,manual,en,1.0,5,"{""en"": 5}",malaysian,manual,,,
sample_N1oBE6WfQm,The Caribbean Spot 37,"restaurant,food,point_of_interest,establishment",4.4,1894.0,2.0,51.51189741719893,-0.0913969665845235,"City of London, London",OPERATIONAL,A popular Caribbean restaurant in the heart of the city.,http://example.com,+44 20 1234 5678,caribbean,manual,en,1.0,5,"{""en"": 5}",caribbean,manual,,,
sample_aN0bKuyTgl,The Japanese Spot 38,"restaurant,food,point_of_interest,establishment",4.3,376.0,4.0,51.510977565725504,-0.0760277992164934,"City of London, London",OPERATIONAL,A popular Japanese restaurant in the heart of the city.,http://example.com,+44 20 1234 5678,japanese,manual,en,1.0,5,"{""en"": 5}",japanese,manual,,,
sample_oKhRs4RrXc,The Malaysian Spot 39,"restaurant,food,point_of_interest,establishment",4.0,1227.0,2.0,51.502144950682485,-0.0917826303341836,"City of London, London",OPERATIONAL,A popular Malaysian restaurant in the heart of the city.,http://example.com,+44 20 1234 5678,malaysian,manual,en,1.0,5,"{""en"": 5}",malaysian,manual,,,
sample_Qw6s1iIw8M,The Brazilian Spot 40,"restaurant,food,point_of_interest,establishment",5.0,471.0,4.0,51.51286045691089,-0.093292344821267,"City of London, London",OPERATIONAL,A popular Brazilian restaurant in the heart of the city.,http://example.com,+44 20 1234 5678,brazilian,manual,en,1.0,5,"{""en"": 5}",brazilian,manual,,,
sample_BPNcxbEESj,The Korean Spot 41,"restaurant,food,point_of_interest,establishment",4.2,1169.0,1.0,51.51559275250006,-0.0917702258382447,"City of London, London",OPERATIONAL,A popular Korean restaurant in the heart of the city.,http://example.com,+44 20 1234 5678,korean,manual,en,1.0,5,"{""en"": 5}",korean,manual,,,
sample_Iv8iiVsCq8,The Caribbean Spot 42,"restaurant,food,point_of_interest,establishment",4.0,543.0,4.0,51.5061192966493,-0.1055846582352001,"City of London, London",OPERATIONAL,A popular Caribbean restaurant in the heart of the city.,http://example.com,+44 20 1234 5678,caribbean,manual,en,1.0,5,"{""en"": 5}",caribbean,manual,,,
sample_1CnCb8Pzud,The French Spot 43,"restaurant,food,point_of_interest,establishment",4.4,1484.0,2.0,51.504870720391935,-0.0832250390632092,"City of London, London",OPERATIONAL,A popular French restaurant in the heart of the city.,http://example.com,+44 20 1234 5678,french,manual,en,1.0,5,"{""en"": 5}",french,manual,,,
sample_1xxPQ9MoDb,The Italian Spot 44,"restaurant,food,point_of_interest,establishment",3.7,395.0,3.0,51.51822930514413,-0.1070819633359902,"City of London, London",OPERATIONAL,A popular Italian restaurant in the heart of the city.,http://example.com,+44 20 1234 5678,italian,manual,en,1.0,5,"{""en"": 5}",italian,manual,,,
sample_5r2xYzUDTs,The Polish Spot 45,"restaurant,food,point_of_interest,establishment",4.4,811.0,2.0,51.51454379190983,-0.0821646340838571,"City of London, London",OPERATIONAL,A popular Polish restaurant in the heart of the city.,http://example.com,+44 20 1234 5678,polish,manual,en,1.0,5,"{""en"": 5}",polish,manual,,,
sample_5kKUVE1igm,The Japanese Spot 46,"restaurant,food,point_of_interest,establishment",4.7,1226.0,3.0,51.51570055463633,-0.0745038749088426,"City of London, London",OPERATIONAL,A popular Japanese restaurant in the heart of the city.,http://example.com,+44 20 1234 5678,japanese,manual,en,1.0,5,"{""en"": 5}",japanese,manual,,,
sample_LUr2x18Lx4,The Polish Spot 47,"restaurant,food,point_of_interest,establishment",3.6,633.0,2.0,51.51514284506006,-0.0817849719314124,"City of London, London",OPERATIONAL,A popular Polish restaurant in the heart of the city.,http://example.com,+44 20 1234 5678,polish,manual,en,1.0,5,"{""en"": 5}",polish,manual,,,
sample_pWiXLNOw6V,The Greek Spot 48,"restaurant,food,point_of_interest,establishment",4.4,1921.0,1.0,51.50891658455978,-0.0859064325019583,"City of London, London",OPERATIONAL,A popular Greek restaurant in the heart of the city.,http://example.com,+44 20 1234 5678,greek,manual,en,1.0,5,"{""en"": 5}",greek,manual,,,
sample_FTVepXgVII,The Japanese Spot 49,"restaurant,food,point_of_interest,establishment",3.6,140.0,3.0,51.51635012514495,-0.0744734170745168,"City of London, London",OPERATIONAL,A popular Japanese restaurant in the heart of the city.,http://example.com,+44 20 1234 5678,japanese,manual,en,1.0,5,"{""en"": 5}",japanese,manual,,,
sample_RJQ5TNSJPX,The Korean Spot 50,"restaurant,food,point_of_interest,establishment",5.0,198.0,4.0,51.51666033543482,-0.1073628571702159,"City of London, London",OPERATIONAL,A popular Korean restaurant in the heart of the city.,http://example.com,+44 20 1234 5678,korean,manual,en,1.0,5,"{""en"": 5}",korean,manual,,,
sample_4TkbcQ0vj3,The Lebanese Spot 51,"restaurant,food,point_of_interest,establishment",3.5,660.0,4.0,51.505356422244056,-0.0753286254552768,"City of London, London",OPERATIONAL,A popular Lebanese restaurant in the heart of the city.,http://example.com,+44 20 1234 5678,lebanese,manual,en,1.0,5,"{""en"": 5}",lebanese,manual,,,
sample_F3LGly6Axx,The Vietnamese Spot 52,"restaurant,food,point_of_interest,establishment",3.6,970.0,3.0,51.516508866589845,-0.0703358185828527,"City of London, London",OPERATIONAL,A popular Vietnamese restaurant in the heart of the city.,http://example.com,+44 20 1234 5678,vietnamese,manual,en,1.0,5,"{""en"": 5}",vietnamese,manual,,,
sample_3eoymNXZcv,The Argentinian Spot 53,"restaurant,food,point_of_interest,establishment",4.4,1035.0,3.0,51.51909089331827,-0.0841078745409874,"City of London, London",OPERATIONAL,A popular Argentinian restaurant in the heart of the city.,http://example.com,+44 20 1234 5678,argentinian,manual,en,1.0,5,"{""en"": 5}",argentinian,manual,,,
sample_jzoaQkpVQs,The Argentinian Spot 54,"restaurant,food,point_of_interest,establishment",3.6,1839.0,2.0,51.51590803827241,-0.106788562268963,"City of London, London",OPERATIONAL,A popular Argentinian restaurant in the heart of the city.,http://example.com,+44 20 1234 5678,argentinian,manual,en,1.0,5,"{""en"": 5}",argentinian,manual,,,
sample_Uelcx92sQ0,The Lebanese Spot 55,"restaurant,food,point_of_interest,establishment",3.6,273.0,3.0,51.50899670758666,-0.0744354016042538,"City of London, London",OPERATIONAL,A popular Lebanese restaurant in the heart of the city.,http://example.com,+44 20 1234 5678,lebanese,manual,en,1.0,5,"{""en"": 5}",lebanese,manual,,,
sample_UopOsLKP8f,The Caribbean Spot 56,"restaurant,food,point_of_interest,establishment",4.0,359.0,3.0,51.50403133712047,-0.1014881973197468,"City of London, London",OPERATIONAL,A popular Caribbean restaurant in the heart of the city.,http://example.com,+44 20 1234 5678,caribbean,manual,en,1.0,5,"{""en"": 5}",caribbean,manual,,,
sample_ZMeB22oYVV,The Chinese Spot 57,"restaurant,food,point_of_interest,establishment",4.7,1865.0,1.0,51.50385359451569,-0.0791525316784346,"City of London, London",OPERATIONAL,A popular Chinese restaurant in the heart of the city.,http://example.com,+44 20 1234 5678,chinese,manual,en,1.0,5,"{""en"": 5}",chinese,manual,,,
sample_vbuDKd2AbJ,The Malaysian Spot 58,"restaurant,food,point_of_interest,establishment",4.8,419.0,2.0,51.51678744248603,-0.1035949421138449,"City of London, London",OPERATIONAL,A popular Malaysian restaurant in the heart of the city.,http://example.com,+44 20 1234 5678,malaysian,manual,en,1.0,5,"{""en"": 5}",malaysian,manual,,,
sample_TxIMYlxXQU,The French Spot 59,"restaurant,food,point_of_interest,establishment",3.9,597.0,1.0,51.50379430612085,-0.1013379277292731,"City of London, London",OPERATIONAL,A popular French restaurant in the heart of the city.,http://example.com,+44 20 1234 5678,french,manual,en,1.0,5,"{""en"": 5}",french,manual,,,
sample_mR9YYGXS8a,The Ethiopian Spot 60,"restaurant,food,point_of_interest,establishment",4.4,696.0,2.0,51.50854518903069,-0.0828648326835781,"City of London, London",OPERATIONAL,A popular Ethiopian restaurant in the heart of the city.,http://example.com,+44 20 1234 5678,ethiopian,manual,en,1.0,5,"{""en"": 5}",ethiopian,manual,,,
sample_5v4PCUayhp,The Indian Spot 61,"restaurant,food,point_of_interest,establishment",4.4,1227.0,4.0,51.51395308696517,-0.0894091190438523,"City of London, London",OPERATIONAL,A popular Indian restaurant in the heart of the city.,http://example.com,+44 20 1234 5678,indian,manual,en,1.0,5,"{""en"": 5}",indian,manual,,,
sample_3WoSN8Iaig,The Indian Spot 62,"restaurant,food,point_of_interest,establishment",4.9,589.0,2.0,51.5087383933703,-0.0856263839574479,"City of London, London",OPERATIONAL,A popular Indian restaurant in the heart of the city.,http://example.com,+44 20 1234 5678,indian,manual,en,1.0,5,"{""en"": 5}",indian,manual,,,
sample_OB7GjKxTTC,The Brazilian Spot 63,"restaurant,food,point_of_interest,establishment",4.5,695.0,1.0,51.505137614263575,-0.0888291321170939,"City of London, London",OPERATIONAL,A popular Brazilian restaurant in the heart of the city.,http://example.com,+44 20 1234 5678,brazilian,manual,en,1.0,5,"{""en"": 5}",brazilian,manual,,,
sample_E8uCNnsZba,The Turkish Spot 64,"restaurant,food,point_of_interest,establishment",4.3,1868.0,4.0,51.5161731965154,-0.0787074268310354,"City of London, London",OPERATIONAL,A popular Turkish restaurant in the heart of the city.,http://example.com,+44 20 1234 5678,turkish,manual,en,1.0,5,"{""en"": 5}",turkish,manual,,,
sample_XUlFGjdUff,The Indian Spot 65,"restaurant,food,point_of_interest,establishment",4.2,249.0,1.0,51.51604552534327,-0.0763703568922246,"City of London, London",OPERATIONAL,A popular Indian restaurant in the heart of the city.,http://example.com,+44 20 1234 5678,indian,manual,en,1.0,5,"{""en"": 5}",indian,manual,,,
sample_My4pz8stnm,The Turkish Spot 66,"restaurant,food,point_of_interest,establishment",3.8,1293.0,2.0,51.51662246796988,-0.107012532612494,"City of London, London",OPERATIONAL,A popular Turkish restaurant in the heart of the city.,http://example.com,+44 20 1234 5678,turkish,manual,en,1.0,5,"{""en"": 5}",turkish,manual,,,
sample_qspcEvOLMq,The Malaysian Spot 67,"restaurant,food,point_of_interest,establishment",4.9,1027.0,3.0,51.51472762618288,-0.0905891045586985,"City of London, London",OPERATIONAL,A popular Malaysian restaurant in the heart of the city.,http://example.com,+44 20 1234 5678,malaysian,manual,en,1.0,5,"{""en"": 5}",malaysian,manual,,,
sample_JUikhtQ65g,The Ethiopian Spot 68,"restaurant,food,point_of_interest,establishment",4.6,592.0,1.0,51.52096493596857,-0.0705812706463901,"City of London, London",OPERATIONAL,A popular Ethiopian restaurant in the heart of the city.,http://example.com,+44 20 1234 5678,ethiopian,manual,en,1.0,5,"{""en"": 5}",ethiopian,manual,,,
sample_gsp9OQ7GgZ,The Brazilian Spot 69,"restaurant,food,point_of_interest,establishment",4.2,1261.0,4.0,51.52110082088764,-0.0891162263525348,"City of London, London",OPERATIONAL,A popular Brazilian restaurant in the heart of the city.,http://example.com,+44 20 1234 5678,brazilian,manual,en,1.0,5,"{""en"": 5}",brazilian,manual,,,
sample_aIRDmRWGxs,The Japanese Spot 70,"restaurant,food,point_of_interest,establishment",4.2,958.0,3.0,51.5071492122383,-0.0778841729538691,"City of London, London",OPERATIONAL,A popular Japanese restaurant in the heart of the city.,http://example.com,+44 20 1234 5678,japanese,manual,en,1.0,5,"{""en"": 5}",japanese,manual,,,
sample_HteBufSUZv,The Spanish Spot 71,"restaurant,food,point_of_interest,establishment",3.7,982.0,1.0,51.51686925672816,-0.1044812160575232,"City of London, London",OPERATIONAL,A popular Spanish restaurant in the heart of the city.,http://example.com,+44 20 1234 5678,spanish,manual,en,1.0,5,"{""en"": 5}",spanish,manual,,,
sample_ys7ZHqvPdN,The Malaysian Spot 72,"restaurant,food,point_of_interest,establishment",3.7,715.0,4.0,51.509687932603256,-0.0815933941506122,"City of London, London",OPERATIONAL,A popular Malaysian restaurant in the heart of the city.,http://example.com,+44 20 1234 5678,malaysian,manual,en,1.0,5,"{""en"": 5}",malaysian,manual,,,
sample_6ODIwifeKg,The Greek Spot 73,"restaurant,food,point_of_interest,establishment",4.4,1123.0,4.0,51.51560798432369,-0.0954869735734871,"City of London, London",OPERATIONAL,A popular Greek restaurant in the heart of the city.,http://example.com,+44 20 1234 5678,greek,manual,en,1.0,5,"{""en"": 5}",greek,manual,,,
sample_MgcH3KRmVt,The Polish Spot 74,"restaurant,food,point_of_interest,establishment",4.7,1149.0,3.0,51.51303643652266,-0.080974924909042,"City of London, London",OPERATIONAL,A popular Polish restaurant in the heart of the city.,http://example.com,+44 20 1234 5678,polish,manual,en,1.0,5,"{""en"": 5}",polish,manual,,,
sample_A5CEZan7mD,The Italian Spot 75,"restaurant,food,point_of_interest,establishment",4.3,698.0,3.0,51.521999057478304,-0.0752923646272306,"City of London, London",OPERATIONAL,A popular Italian restaurant in the heart of the city.,http://example.com,+44 20 1234 5678,italian,manual,en,1.0,5,"{""en"": 5}",italian,manual,,,
sample_JVSq7rzGef,The Peruvian Spot 76,"restaurant,food,point_of_interest,establishment",4.5,74.0,1.0,51.52197709032151,-0.0994565410932859,"City of London, London",OPERATIONAL,A popular Peruvian restaurant in the heart of the city.,http://example.com,+44 20 1234 5678,peruvian,manual,en,1.0,5,"{""en"": 5}",peruvian,manual,,,
sample_ei6UnL3v3W,The Japanese Spot 77,"restaurant,food,point_of_interest,establishment",4.9,624.0,4.0,51.51297978189497,-0.0798400539138733,"City of London, London",OPERATIONAL,A popular Japanese restaurant in the heart of the city.,http://example.com,+44 20 1234 5678,japanese,manual,en,1.0,5,"{""en"": 5}",japanese,manual,,,
sample_B2KYzAmozr,The Korean Spot 78,"restaurant,food,point_of_interest,establishment",4.5,379.0,1.0,51.50880821864936,-0.0925450166503774,"City of London, London",OPERATIONAL,A popular Korean restaurant in the heart of the city.,http://example.com,+44 20 1234 5678,korean,manual,en,1.0,5,"{""en"": 5}",korean,manual,,,
sample_AKYnYzJ0Ta,The French Spot 79,"restaurant,food,point_of_interest,establishment",4.1,980.0,2.0,51.50276270922693,-0.0916642603047789,"City of London, London",OPERATIONAL,A popular French restaurant in the heart of the city.,http://example.com,+44 20 1234 5678,french,manual,en,1.0,5,"{""en"": 5}",french,manual,,,
sample_IUfagcayES,The French Spot 80,"restaurant,food,point_of_interest,establishment",3.6,1193.0,4.0,51.52159931751474,-0.1051016376364325,"City of London, London",OPERATIONAL,A popular French restaurant in the heart of the city.,http://example.com,+44 20 1234 5678,french,manual,en,1.0,5,"{""en"": 5}",french,manual,,,
sample_tO21nMfjbD,The Malaysian Spot 81,"restaurant,food,point_of_interest,establishment",4.5,1124.0,4.0,51.51644169045135,-0.072866643187385,"City of London, London",OPERATIONAL,A popular Malaysian restaurant in the heart of the city.,http://example.com,+44 20 1234 5678,malaysian,manual,en,1.0,5,"{""en"": 5}",malaysian,manual,,,
sample_FcpPu0YSuh,The Peruvian Spot 82,"restaurant,food,point_of_interest,establishment",4.6,991.0,4.0,51.50516962091048,-0.097637179809359,"City of London, London",OPERATIONAL,A popular Peruvian restaurant in the heart of the city.,http://example.com,+44 20 1234 5678,peruvian,manual,en,1.0,5,"{""en"": 5}",peruvian,manual,,,
sample_OgWg4ITsHL,The Korean Spot 83,"restaurant,food,point_of_interest,establishment",4.2,1263.0,3.0,51.52150233783307,-0.0914945531973543,"City of London, London",OPERATIONAL,A popular Korean restaurant in the heart of the city.,http://example.com,+44 20 1234 5678,korean,manual,en,1.0,5,"{""en"": 5}",korean,manual,,,
sample_0b1F6sq7iz,The Argentinian Spot 84,"restaurant,food,point_of_interest,establishment",3.7,1073.0,3.0,51.50511919838475,-0.1042311943424604,"City of London, London",OPERATIONAL,A popular Argentinian restaurant in the heart of the city.,http://example.com,+44 20 1234 5678,argentinian,manual,en,1.0,5,"{""en"": 5}",argentinian,manual,,,
sample_Vf2wWMwebW,The Ethiopian Spot 85,"restaurant,food,point_of_interest,establishment",3.6,1979.0,4.0,51.51335887818125,-0.0975632546722009,"City of London, London",OPERATIONAL,A popular Ethiopian restaurant in the heart of the city.,http://example.com,+44 20 1234 5678,ethiopian,manual,en,1.0,5,"{""en"": 5}",ethiopian,manual,,,
sample_zUSOIB876S,The Turkish Spot 86,"restaurant,food,point_of_interest,establishment",4.2,1517.0,3.0,51.50232133349687,-0.1014191440667912,"City of London, London",OPERATIONAL,A popular Turkish restaurant in the heart of the city.,http://example.com,+44 20 1234 5678,turkish,manual,en,1.0,5,"{""en"": 5}",turkish,manual,,,
sample_8Bpvvlup7K,The Indian Spot 87,"restaurant,food,point_of_interest,establishment",3.6,1564.0,3.0,51.50870866234194,-0.1035172078629514,"City of London, London",OPERATIONAL,A popular Indian restaurant in the heart of the city.,http://example.com,+44 20 1234 5678,indian,manual,en,1.0,5,"{""en"": 5}",indian,manual,,,
sample_TeaF8jEDO3,The Ethiopian Spot 88,"restaurant,food,point_of_interest,establishment",4.8,869.0,4.0,51.52059477147967,-0.1012838137515972,"City of London, London",OPERATIONAL,A popular Ethiopian restaurant in the heart of the city.,http://example.com,+44 20 1234 5678,ethiopian,manual,en,1.0,5,"{""en"": 5}",ethiopian,manual,,,
sample_dLL0FGDlh5,The Brazilian Spot 89,"restaurant,food,point_of_interest,establishment",3.5,562.0,4.0,51.50482888739032,-0.0869857322490125,"City of London, London",OPERATIONAL,A popular Brazilian restaurant in the heart of the city.,http://example.com,+44 20 1234 5678,brazilian,manual,en,1.0,5,"{""en"": 5}",brazilian,manual,,,
sample_UMSIHbcAw5,The Argentinian Spot 90,"restaurant,food,point_of_interest,establishment",4.3,1441.0,1.0,51.51507964186953,-0.0834563877365524,"City of London, London",OPERATIONAL,A popular Argentinian restaurant in the heart of the city.,http://example.com,+44 20 1234 5678,argentinian,manual,en,1.0,5,"{""en"": 5}",argentinian,manual,,,
sample_g4Cug8SJAZ,The French Spot 91,"restaurant,food,point_of_interest,establishment",4.6,945.0,2.0,51.52169791795122,-0.1015275890191014,"City of London, London",OPERATIONAL,A popular French restaurant in the heart of the city.,http://example.com,+44 20 1234 5678,french,manual,en,1.0,5,"{""en"": 5}",french,manual,,,
sample_dfts2ERtlq,The Turkish Spot 92,"restaurant,food,point_of_interest,establishment",4.8,726.0,4.0,51.51159443675577,-0.0840597701494549,"City of London, London",OPERATIONAL,A popular Turkish restaurant in the heart of the city.,http://example.com,+44 20 1234 5678,turkish,manual,en,1.0,5,"{""en"": 5}",turkish,manual,,,
sample_5NkLjoWLiV,The Malaysian Spot 93,"restaurant,food,point_of_interest,establishment",4.5,1515.0,4.0,51.50776393738192,-0.0954866893607353,"City of London, London",OPERATIONAL,A popular Malaysian restaurant in the heart of the city.,http://example.com,+44 20 1234 5678,malaysian,manual,en,1.0,5,"{""en"": 5}",malaysian,manual,,,
sample_PwxvaoM1a6,The Spanish Spot 94,"restaurant,food,point_of_interest,establishment",4.9,427.0,1.0,51.52091539069321,-0.092772607490234,"City of London, London",OPERATIONAL,A popular Spanish restaurant in the heart of the city.,http://example.com,+44 20 1234 5678,spanish,manual,en,1.0,5,"{""en"": 5}",spanish,manual,,,
sample_7S9Tis9qKr,The Italian Spot 95,"restaurant,food,point_of_interest,establishment",4.7,436.0,3.0,51.51054584737589,-0.0785786311649738,"City of London, London",OPERATIONAL,A popular Italian restaurant in the heart of the city.,http://example.com,+44 20 1234 5678,italian,manual,en,1.0,5,"{""en"": 5}",italian,manual,,,
sample_iI7E02E5EG,The Argentinian Spot 96,"restaurant,food,point_of_interest,establishment",4.9,614.0,2.0,51.5075438219105,-0.0700091068176296,"City of London, London",OPERATIONAL,A popular Argentinian restaurant in the heart of the city.,http://example.com,+44 20 1234 5678,argentinian,manual,en,1.0,5,"{""en"": 5}",argentinian,manual,,,
sample_tgWBZ3HhMg,The Lebanese Spot 97,"restaurant,food,point_of_interest,establishment",4.0,592.0,4.0,51.51408670576697,-0.1010524050348231,"City of London, London",OPERATIONAL,A popular Lebanese restaurant in the heart of the city.,http://example.com,+44 20 1234 5678,lebanese,manual,en,1.0,5,"{""en"": 5}",lebanese,manual,,,
sample_MFguB9GFDp,The Japanese Spot 98,"restaurant,food,point_of_interest,establishment",3.6,774.0,1.0,51.5032005103182,-0.0768818647220724,"City of London, London",OPERATIONAL,A popular Japanese restaurant in the heart of the city.,http://example.com,+44 20 1234 5678,japanese,manual,en,1.0,5,"{""en"": 5}",japanese,manual,,,
sample_7OTM8DSdpv,The Thai Spot 99,"restaurant,food,point_of_interest,establishment",4.1,1374.0,4.0,51.511809446739136,-0.0845485127105656,"City of London, London",OPERATIONAL,A popular Thai restaurant in the heart of the city.,http://example.com,+44 20 1234 5678,thai,manual,en,1.0,5,"{""en"": 5}",thai,manual,,,
sample_BB07LpVNub,The Peruvian Spot 0,"restaurant,food,point_of_interest,establishment",4.9,1130.0,1.0,51.512101553241784,-0.10266850747353513,"City of London, London",OPERATIONAL,A popular Peruvian restaurant in the heart of the city.,http://example.com,+44 20 1234 5678,peruvian,manual,en,1.0,5,"{""en"": 5}",peruvian,manual,,,
sample_LHeX5VtJKv,The Italian Spot 1,"restaurant,food,point_of_interest,establishment",4.9,597.0,1.0,51.51394795278383,-0.10237360329094711,"City of London, London",OPERATIONAL,A popular Italian restaurant in the heart of the city.,http://example.com,+44 20 1234 5678,italian,manual,en,1.0,5,"{""en"": 5}",italian,manual,,,
sample_V8ZHo7QQOY,The Brazilian Spot 2,"restaurant,food,point_of_interest,establishment",4.4,1193.0,4.0,51.5122723079108,-0.07106356546032738,"City of London, London",OPERATIONAL,A popular Brazilian restaurant in the heart of the city.,http://example.com,+44 20 1234 5678,brazilian,manual,en,1.0,5,"{""en"": 5}",brazilian,manual,,,
sample_iiS1zl2HSn,The Malaysian Spot 3,"restaurant,food,point_of_interest,establishment",4.8,1391.0,3.0,51.507821308675474,-0.0793600896379836,"City of London, London",OPERATIONAL,A popular Malaysian restaurant in the heart of the city.,http://example.com,+44 20 1234 5678,malaysian,manual,en,1.0,5,"{""en"": 5}",malaysian,manual,,,
sample_3ZoS84rm6z,The Caribbean Spot 4,"restaurant,food,point_of_interest,establishment",4.1,1366.0,3.0,51.508767474685264,-0.1087250702917088,"City of London, London",OPERATIONAL,A popular Caribbean restaurant in the heart of the city.,http://example.com,+44 20 1234 5678,caribbean,manual,en,1.0,5,"{""en"": 5}",caribbean,manual,,,
sample_SInPsXcij4,The Spanish Spot 5,"restaurant,food,point_of_interest,establishment",4.7,1111.0,4.0,51.51095035225356,-0.0866606045341023,"City of London, London",OPERATIONAL,A popular Spanish restaurant in the heart of the city.,http://example.com,+44 20 1234 5678,spanish,manual,en,1.0,5,"{""en"": 5}",spanish,manual,,,
sample_QGOS5HKsa2,The Chinese Spot 6,"restaurant,food,point_of_interest,establishment",4.6,1405.0,4.0,51.51443508647123,-0.0989029625012444,"City of London, London",OPERATIONAL,A popular Chinese restaurant in the heart of the city.,http://example.com,+44 20 1234 5678,chinese,manual,en,1.0,5,"{""en"": 5}",chinese,manual,,,
sample_czNc5SLz9R,The Argentinian Spot 7,"restaurant,food,point_of_interest,establishment",4.2,1795.0,4.0,51.510811564381775,-0.09719506240193024,"City of London, London",OPERATIONAL,A popular Argentinian restaurant in the heart of the city.,http://example.com,+44 20 1234 5678,argentinian,manual,en,1.0,5,"{""en"": 5}",argentinian,manual,,,
sample_4OaMEf7Bc5,The Ethiopian Spot 8,"restaurant,food,point_of_interest,establishment",4.2,1729.0,3.0,51.5208668037153,-0.07017825789204157,"City of London, London",OPERATIONAL,A popular Ethiopian restaurant in the heart of the city.,http://example.com,+44 20 1234 5678,ethiopian,manual,en,1.0,5,"{""en"": 5}",ethiopian,manual,,,
sample_sEj28c0Nfg,The Peruvian Spot 9,"restaurant,food,point_of_interest,establishment",4.0,1182.0,4.0,51.51098152948435,-0.08630284890796248,"City of London, London",OPERATIONAL,A popular Peruvian restaurant in the heart of the city.,http://example.com,+44 20 1234 5678,peruvian,manual,en,1.0,5,"{""en"": 5}",peruvian,manual,,,
sample_RuTZPaZb1x,The Peruvian Spot 10,"restaurant,food,point_of_interest,establishment",3.7,359.0,2.0,51.51593386395323,-0.09113977487219317,"City of London, London",OPERATIONAL,A popular Peruvian restaurant in the heart of the city.,http://example.com,+44 20 1234 5678,peruvian,manual,en,1.0,5,"{""en"": 5}",peruvian,manual,,,
sample_v2JBYGfrtO,The Polish Spot 11,"restaurant,food,point_of_interest,establishment",4.4,1862.0,3.0,51.503931819430406,-0.08174981435059732,"City of London, London",OPERATIONAL,A popular Polish restaurant in the heart of the city.,http://example.com,+44 20 1234 5678,polish,manual,en,1.0,5,"{""en"": 5}",polish,manual,,,
sample_YN5klvfQOZ,The Spanish Spot 12,"restaurant,food,point_of_interest,establishment",3.9,752.0,3.0,51.503439185317944,-0.07485215033913727,"City of London, London",OPERATIONAL,A popular Spanish restaurant in the heart of the city.,http://example.com,+44 20 1234 5678,spanish,manual,en,1.0,5,"{""en"": 5}",spanish,manual,,,
sample_K2AwOQIbM0,The Ethiopian Spot 13,"restaurant,food,point_of_interest,establishment",4.9,1597.0,4.0,51.51310506565054,-0.07135464696351725,"City of London, London",OPERATIONAL,A popular Ethiopian restaurant in the heart of the city.,http://example.com,+44 20 1234 5678,ethiopian,manual,en,1.0,5,"{""en"": 5}",ethiopian,manual,,,
sample_kBxFILF1hp,The Spanish Spot 14,"restaurant,food,point_of_interest,establishment",4.0,1562.0,3.0,51.50761974757407,-0.07031219639917596,"City of London, London",OPERATIONAL,A popular Spanish restaurant in the heart of the city.,http://example.com,+44 20 1234 5678,spanish,manual,en,1.0,5,"{""en"": 5}",spanish,manual,,,
sample_t9K0aCOlkr,The Peruvian Spot 15,"restaurant,food,point_of_interest,establishment",4.2,1555.0,3.0,51.52103946384325,-0.08590469523811878,"City of London, London",OPERATIONAL,A popular Peruvian restaurant in the heart of the city.,http://example.com,+44 20 1234 5678,peruvian,manual,en,1.0,5,"{""en"": 5}",peruvian,manual,,,
sample_2UVLofxnkG,The Chinese Spot 16,"restaurant,food,point_of_interest,establishment",4.7,145.0,1.0,51.509223223547224,-0.100633576193144,"City of London, London",OPERATIONAL,A popular Chinese restaurant in the heart of the city.,http://example.com,+44 20 1234 5678,chinese,manual,en,1.0,5,"{""en"": 5}",chinese,manual,,,
sample_etaZi3hiCW,The Turkish Spot 17,"restaurant,food,point_of_interest,establishment",4.6,1963.0,2.0,51.50374978521625,-0.10674903821191954,"City of London, London",OPERATIONAL,A popular Turkish restaurant in the heart of the city.,http://example.com,+44 20 1234 5678,turkish,manual,en,1.0,5,"{""en"": 5}",turkish,manual,,,
sample_Uv1RkuBKMj,The Indian Spot 18,"restaurant,food,point_of_interest,establishment",3.9,1116.0,2.0,51.51741919031708,-0.07418820683269899,"City of London, London",OPERATIONAL,A popular Indian restaurant in the heart of the city.,http://example.com,+44 20 1234 5678,indian,manual,en,1.0,5,"{""en"": 5}",indian,manual,,,
sample_38OUaQjzAA,The Indian Spot 19,"restaurant,food,point_of_interest,establishment",4.0,805.0,2.0,51.503098523288735,-0.07307317724386932,"City of London, London",OPERATIONAL,A popular Indian restaurant in the heart of the city.,http://example.com,+44 20 1234 5678,indian,manual,en,1.0,5,"{""en"": 5}",indian,manual,,,
sample_XN9YWiwn4V,The Malaysian Spot 20,"restaurant,food,point_of_interest,establishment",4.6,567.0,4.0,51.51016214277814,-0.08009928866072362,"City of London, London",OPERATIONAL,A popular Malaysian restaurant in the heart of the city.,http://example.com,+44 20 1234 5678,malaysian,manual,en,1.0,5,"{""en"": 5}",malaysian,manual,,,
sample_YH6lri0zj1,The Greek Spot 21,"restaurant,food,point_of_interest,establishment",4.5,1258.0,2.0,51.516069272812395,-0.08496293939890187,"City of London, London",OPERATIONAL,A popular Greek restaurant in the heart of the city.,http://example.com,+44 20 1234 5678,greek,manual,en,1.0,5,"{""en"": 5}",greek,manual,,,
sample_agbgzkwyks,The Lebanese Spot 22,"restaurant,food,point_of_interest,establishment",4.6,377.0,2.0,51.521687253194116,-0.07818662994311593,"City of London, London",OPERATIONAL,A popular Lebanese restaurant in the heart of the city.,http://example.com,+44 20 1234 5678,lebanese,manual,en,1.0,5,"{""en"": 5}",lebanese,manual,,,
sample_OnUVD9pz7E,The Indian Spot 23,"restaurant,food,point_of_interest,establishment",5.0,1567.0,1.0,51.50836284604529,-0.08053062922822841,"City of London, London",OPERATIONAL,A popular Indian restaurant in the heart of the city.,http://example.com,+44 20 1234 5678,indian,manual,en,1.0,5,"{""en"": 5}",indian,manual,,,
sample_NWEKmSxDrO,The Chinese Spot 24,"restaurant,food,point_of_interest,establishment",3.6,156.0,3.0,51.520579719393574,-0.0858073169865054,"City of London, London",OPERATIONAL,A popular Chinese restaurant in the heart of the city.,http://example.com,+44 20 1234 5678,chinese,manual,en,1.0,5,"{""en"": 5}",chinese,manual,,,
sample_AJDEkJ8UiE,The Japanese Spot 25,"restaurant,food,point_of_interest,establishment",3.7,689.0,2.0,51.51430993865679,-0.10916948281219765,"City of London, London",OPERATIONAL,A popular Japanese restaurant in the heart of the city.,http://example.com,+44 20 1234 5678,japanese,manual,en,1.0,5,"{""en"": 5}",japanese,manual,,,
sample_9P1A1XyIZk,The Caribbean Spot 26,"restaurant,food,point_of_interest,establishment",4.1,796.0,3.0,51.50202496881437,-0.07615774102439277,"City of London, London",OPERATIONAL,A popular Caribbean restaurant in the heart of the city.,http://example.com,+44 20 1234 5678,caribbean,manual,en,1.0,5,"{""en"": 5}",caribbean,manual,,,
sample_lx5n0xqbzk,The French Spot 27,"restaurant,food,point_of_interest,establishment",4.1,1519.0,3.0,51.51169838653092,-0.09529387899943982,"City of London, London",OPERATIONAL,A popular French restaurant in the heart of the city.,http://example.com,+44 20 1234 5678,french,manual,en,1.0,5,"{""en"": 5}",french,manual,,,
sample_B3nFOS4n1H,The Vietnamese Spot 28,"restaurant,food,point_of_interest,establishment",4.1,983.0,3.0,51.50782736044769,-0.09054797692109498,"City of London, London",OPERATIONAL,A popular Vietnamese restaurant in the heart of the city.,http://example.com,+44 20 1234 5678,vietnamese,manual,en,1.0,5,"{""en"": 5}",vietnamese,manual,,,
sample_hL3NRqZRLI,The Thai Spot 29,"restaurant,food,point_of_interest,establishment",3.6,1715.0,3.0,51.505279482442205,-0.09980073429217706,"City of London, London",OPERATIONAL,A popular Thai restaurant in the heart of the city.,http://example.com,+44 20 1234 5678,thai,manual,en,1.0,5,"{""en"": 5}",thai,manual,,,
sample_gFtCz4OMu7,The Ethiopian Spot 30,"restaurant,food,point_of_interest,establishment",4.0,1188.0,3.0,51.50701930248493,-0.07772742473117786,"City of London, London",OPERATIONAL,A popular Ethiopian restaurant in the heart of the city.,http://example.com,+44 20 1234 5678,ethiopian,manual,en,1.0,5,"{""en"": 5}",ethiopian,manual,,,
sample_vrny1CXoPw,The Argentinian Spot 31,"restaurant,food,point_of_interest,establishment",4.5,1324.0,1.0,51.513020942928115,-0.10510338968601365,"City of London, London",OPERATIONAL,A popular Argentinian restaurant in the heart of the city.,http://example.com,+44 20 1234 5678,argentinian,manual,en,1.0,5,"{""en"": 5}",argentinian,manual,,,
sample_pHBR0HTXpF,The Malaysian Spot 32,"restaurant,food,point_of_interest,establishment",3.6,69.0,1.0,51.50936704258711,-0.10753329291496894,"City of London, London",OPERATIONAL,A popular Malaysian restaurant in the heart of the city.,http://example.com,+44 20 1234 5678,malaysian,manual,en,1.0,5,"{""en"": 5}",malaysian,manual,,,
sample_EHOQmigcqE,The Malaysian Spot 33,"restaurant,food,point_of_interest,establishment",3.6,1159.0,3.0,51.50709029534722,-0.07765542779815587,"City of London, London",OPERATIONAL,A popular Malaysian restaurant in the heart of the city.,http://example.com,+44 20 1234 5678,malaysian,manual,en,1.0,5,"{""en"": 5}",malaysian,manual,,,
sample_cofBzFhnfk,The Brazilian Spot 34,"restaurant,food,point_of_interest,establishment",4.2,124.0,1.0,51.51737002122099,-0.0885406352937248,"City of London, London",OPERATIONAL,A popular Brazilian restaurant in the heart of the city.,http://example.com,+44 20 1234 5678,brazilian,manual,en,1.0,5,"{""en"": 5}",brazilian,manual,,,
sample_OhpzI76Ust,The Mexican Spot 35,"restaurant,food,point_of_interest,establishment",4.2,823.0,2.0,51.51942024890673,-0.09942923409708028,"City of London, London",OPERATIONAL,A popular Mexican restaurant in the heart of the city.,http://example.com,+44 20 1234 5678,mexican,manual,en,1.0,5,"{""en"": 5}",mexican,manual,,,
sample_aKgtEXSCU3,The Italian Spot 36,"restaurant,food,point_of_interest,establishment",4.6,1761.0,1.0,51.51970665649889,-0.0744629162946653,"City of London, London",OPERATIONAL,A popular Italian restaurant in the heart of the city.,http://example.com,+44 20 1234 5678,italian,manual,en,1.0,5,"{""en"": 5}",italian,manual,,,
sample_CWmY7ROebc,The Polish Spot 37,"restaurant,food,point_of_interest,establishment",4.7,1381.0,1.0,51.50822033228827,-0.07497765994452199,"City of London, London",OPERATIONAL,A popular Polish restaurant in the heart of the city.,http://example.com,+44 20 1234 5678,polish,manual,en,1.0,5,"{""en"": 5}",polish,manual,,,
sample_uUF7hiqq6F,The Malaysian Spot 38,"restaurant,food,point_of_interest,establishment",3.7,1384.0,3.0,51.50664924934148,-0.07729611573660186,"City of London, London",OPERATIONAL,A popular Malaysian restaurant in the heart of the city.,http://example.com,+44 20 1234 5678,malaysian,manual,en,1.0,5,"{""en"": 5}",malaysian,manual,,,
sample_iCTQ0MNPTI,The Indian Spot 39,"restaurant,food,point_of_interest,establishment",4.8,287.0,1.0,51.50863306545871,-0.09560974091070495,"City of London, London",OPERATIONAL,A popular Indian restaurant in the heart of the city.,http://example.com,+44 20 1234 5678,indian,manual,en,1.0,5,"{""en"": 5}",indian,manual,,,
sample_7yIz7lxAvt,The Malaysian Spot 40,"restaurant,food,point_of_interest,establishment",3.6,1751.0,1.0,51.520578079384556,-0.08499856322268276,"City of London, London",OPERATIONAL,A popular Malaysian restaurant in the heart of the city.,http://example.com,+44 20 1234 5678,malaysian,manual,en,1.0,5,"{""en"": 5}",malaysian,manual,,,
sample_Hb9MCgHXGg,The Korean Spot 41,"restaurant,food,point_of_interest,establishment",4.3,1763.0,2.0,51.52031524757686,-0.09949937178361608,"City of London, London",OPERATIONAL,A popular Korean restaurant in the heart of the city.,http://example.com,+44 20 1234 5678,korean,manual,en,1.0,5,"{""en"": 5}",korean,manual,,,
sample_sCMsHt8NM5,The Malaysian Spot 42,"restaurant,food,point_of_interest,establishment",4.0,1965.0,4.0,51.50505950973742,-0.0708403184761593,"City of London, London",OPERATIONAL,A popular Malaysian restaurant in the heart of the city.,http://example.com,+44 20 1234 5678,malaysian,manual,en,1.0,5,"{""en"": 5}",malaysian,manual,,,
sample_xEXBWy1IOv,The French Spot 43,"restaurant,food,point_of_interest,establishment",3.9,1564.0,3.0,51.521396386600216,-0.10395954983430578,"City of London, London",OPERATIONAL,A popular French restaurant in the heart of the city.,http://example.com,+44 20 1234 5678,french,manual,en,1.0,5,"{""en"": 5}",french,manual,,,
sample_z6XU7Usw7o,The Turkish Spot 44,"restaurant,food,point_of_interest,establishment",3.7,1438.0,4.0,51.51335879982181,-0.0980752009048504,"City of London, London",OPERATIONAL,A popular Turkish restaurant in the heart of the city.,http://example.com,+44 20 1234 5678,turkish,manual,en,1.0,5,"{""en"": 5}",turkish,manual,,,
sample_0Xje0RwtOU,The Chinese Spot 45,"restaurant,food,point_of_interest,establishment",3.6,101.0,1.0,51.505437912254884,-0.09639308690388648,"City of London, London",OPERATIONAL,A popular Chinese restaurant in the heart of the city.,http://example.com,+44 20 1234 5678,chinese,manual,en,1.0,5,"{""en"": 5}",chinese,manual,,,
sample_hy3GVXsn6S,The Japanese Spot 46,"restaurant,food,point_of_interest,establishment",4.7,1946.0,2.0,51.5150085274006,-0.07201493871700675,"City of London, London",OPERATIONAL,A popular Japanese restaurant in the heart of the city.,http://example.com,+44 20 1234 5678,japanese,manual,en,1.0,5,"{""en"": 5}",japanese,manual,,,
sample_u2bLHWECGq,The Italian Spot 47,"restaurant,food,point_of_interest,establishment",4.9,1773.0,2.0,51.50306556306312,-0.07523406949061195,"City of London, London",OPERATIONAL,A popular Italian restaurant in the heart of the city.,http://example.com,+44 20 1234 5678,italian,manual,en,1.0,5,"{""en"": 5}",italian,manual,,,
sample_smX72uiCBO,The Spanish Spot 48,"restaurant,food,point_of_interest,establishment",4.9,1048.0,2.0,51.503901768526994,-0.08771974705621,"City of London, London",OPERATIONAL,A popular Spanish restaurant in the heart of the city.,http://example.com,+44 20 1234 5678,spanish,manual,en,1.0,5,"{""en"": 5}",spanish,manual,,,
sample_jgpjhw1kw1,The Brazilian Spot 49,"restaurant,food,point_of_interest,establishment",5.0,1353.0,3.0,51.5061785959753,-0.0963607241684865,"City of London, London",OPERATIONAL,A popular Brazilian restaurant in the heart of the city.,http://example.com,+44 20 1234 5678,brazilian,manual,en,1.0,5,"{""en"": 5}",brazilian,manual,,,
sample_t2L8AAz9Bh,The Caribbean Spot 50,"restaurant,food,point_of_interest,establishment",4.8,1394.0,1.0,51.51215230863345,-0.10128536858573431,"City of London, London",OPERATIONAL,A popular Caribbean restaurant in the heart of the city.,http://example.com,+44 20 1234 5678,caribbean,manual,en,1.0,5,"{""en"": 5}",caribbean,manual,,,
sample_mM1vyTNvbk,The Korean Spot 51,"restaurant,food,point_of_interest,establishment",4.1,519.0,4.0,51.50237778480329,-0.09169195237712409,"City of London, London",OPERATIONAL,A popular Korean restaurant in the heart of the city.,http://example.com,+44 20 1234 5678,korean,manual,en,1.0,5,"{""en"": 5}",korean,manual,,,
sample_96VxzfjBsS,The Korean Spot 52,"restaurant,food,point_of_interest,establishment",4.1,1823.0,2.0,51.514698142081876,-0.07975949720355764,"City of London, London",OPERATIONAL,A popular Korean restaurant in the heart of the city.,http://example.com,+44 20 1234 5678,korean,manual,en,1.0,5,"{""en"": 5}",korean,manual,,,
sample_ygSneo1sWi,The Indian Spot 53,"restaurant,food,point_of_interest,establishment",3.7,137.0,1.0,51.50996096085704,-0.10507545616798213,"City of London, London",OPERATIONAL,A popular Indian restaurant in the heart of the city.,http://example.com,+44 20 1234 5678,indian,manual,en,1.0,5,"{""en"": 5}",indian,manual,,,
sample_ejjfE0kCMo,The Malaysian Spot 54,"restaurant,food,point_of_interest,establishment",3.9,1887.0,1.0,51.503129184639775,-0.07984521757443214,"City of London, London",OPERATIONAL,A popular Malaysian restaurant in the heart of the city.,http://example.com,+44 20 1234 5678,malaysian,manual,en,1.0,5,"{""en"": 5}",malaysian,manual,,,
sample_Pu1sQLdZ75,The French Spot 55,"restaurant,food,point_of_interest,establishment",4.5,450.0,3.0,51.51667002354605,-0.07666989037351851,"City of London, London",OPERATIONAL,A popular French restaurant in the heart of the city.,http://example.com,+44 20 1234 5678,french,manual,en,1.0,5,"{""en"": 5}",french,manual,,,
sample_NysieYAhxY,The Greek Spot 56,"restaurant,food,point_of_interest,establishment",3.8,467.0,2.0,51.51681034828909,-0.0932997465624771,"City of London, London",OPERATIONAL,A popular Greek restaurant in the heart of the city.,http://example.com,+44 20 1234 5678,greek,manual,en,1.0,5,"{""en"": 5}",greek,manual,,,
sample_XOQbCefzMx,The Polish Spot 57,"restaurant,food,point_of_interest,establishment",4.8,1630.0,4.0,51.50982336686869,-0.07014395381182403,"City of London, London",OPERATIONAL,A popular Polish restaurant in the heart of the city.,http://example.com,+44 20 1234 5678,polish,manual,en,1.0,5,"{""en"": 5}",polish,manual,,,
sample_i3wxRIflXU,The Greek Spot 58,"restaurant,food,point_of_interest,establishment",3.9,1524.0,2.0,51.52180514962493,-0.09110904610051213,"City of London, London",OPERATIONAL,A popular Greek restaurant in the heart of the city.,http://example.com,+44 20 1234 5678,greek,manual,en,1.0,5,"{""en"": 5}",greek,manual,,,
sample_Bf4ptvUHdn,The Chinese Spot 59,"restaurant,food,point_of_interest,establishment",4.9,1259.0,4.0,51.5194610104141,-0.08615696113197137,"City of London, London",OPERATIONAL,A popular Chinese restaurant in the heart of the city.,http://example.com,+44 20 1234 5678,chinese,manual,en,1.0,5,"{""en"": 5}",chinese,manual,,,
sample_6JjALb5N7R,The Indian Spot 60,"restaurant,food,point_of_interest,establishment",4.1,1243.0,4.0,51.510379057059545,-0.07016326441365556,"City of London, London",OPERATIONAL,A popular Indian restaurant in the heart of the city.,http://example.com,+44 20 1234 5678,indian,manual,en,1.0,5,"{""en"": 5}",indian,manual,,,
sample_odhJ38rmXT,The French Spot 61,"restaurant,food,point_of_interest,establishment",3.7,356.0,1.0,51.51787415759508,-0.07454278560684297,"City of London, London",OPERATIONAL,A popular French restaurant in the heart of the city.,http://example.com,+44 20 1234 5678,french,manual,en,1.0,5,"{""en"": 5}",french,manual,,,
sample_Ub8T4EOQaQ,The Turkish Spot 62,"restaurant,food,point_of_interest,establishment",4.9,797.0,2.0,51.52131555429592,-0.09767621251678811,"City of London, London",OPERATIONAL,A popular Turkish restaurant in the heart of the city.,http://example.com,+44 20 1234 5678,turkish,manual,en,1.0,5,"{""en"": 5}",turkish,manual,,,
sample_RGVdS2NDwz,The Thai Spot 63,"restaurant,food,point_of_interest,establishment",4.2,1093.0,2.0,51.52129900251287,-0.08898459758963514,"City of London, London",OPERATIONAL,A popular Thai restaurant in the heart of the city.,http://example.com,+44 20 1234 5678,thai,manual,en,1.0,5,"{""en"": 5}",thai,manual,,,
sample_ivuFUhsOx4,The Brazilian Spot 64,"restaurant,food,point_of_interest,establishment",3.5,1780.0,4.0,51.52169448944216,-0.07298751016755534,"City of London, London",OPERATIONAL,A popular Brazilian restaurant in the heart of the city.,http://example.com,+44 20 1234 5678,brazilian,manual,en,1.0,5,"{""en"": 5}",brazilian,manual,,,
sample_70Ctum9TJ9,The Peruvian Spot 65,"restaurant,food,point_of_interest,establishment",3.9,347.0,2.0,51.51713161831197,-0.07423124454868842,"City of London, London",OPERATIONAL,A popular Peruvian restaurant in the heart of the city.,http://example.com,+44 20 1234 5678,peruvian,manual,en,1.0,5,"{""en"": 5}",peruvian,manual,,,
sample_DrEDG4kqpg,The Japanese Spot 66,"restaurant,food,point_of_interest,establishment",4.0,131.0,3.0,51.51618366286478,-0.10138314535889484,"City of London, London",OPERATIONAL,A popular Japanese restaurant in the heart of the city.,http://example.com,+44 20 1234 5678,japanese,manual,en,1.0,5,"{""en"": 5}",japanese,manual,,,
sample_fmC1VttoP4,The Mexican Spot 67,"restaurant,food,point_of_interest,establishment",4.4,303.0,4.0,51.506890712206506,-0.09222748671735792,"City of London, London",OPERATIONAL,A popular Mexican restaurant in the heart of the city.,http://example.com,+44 20 1234 5678,mexican,manual,en,1.0,5,"{""en"": 5}",mexican,manual,,,
sample_F6cWUGUDKC,The Lebanese Spot 68,"restaurant,food,point_of_interest,establishment",4.7,1319.0,2.0,51.50968645778627,-0.10226702965317198,"City of London, London",OPERATIONAL,A popular Lebanese restaurant in the heart of the city.,http://example.com,+44 20 1234 5678,lebanese,manual,en,1.0,5,"{""en"": 5}",lebanese,manual,,,
sample_jtEhKcrqqy,The Japanese Spot 69,"restaurant,food,point_of_interest,establishment",4.7,50.0,1.0,51.51755106360888,-0.09896594635307045,"City of London, London",OPERATIONAL,A popular Japanese restaurant in the heart of the city.,http://example.com,+44 20 1234 5678,japanese,manual,en,1.0,5,"{""en"": 5}",japanese,manual,,,
sample_xY7F6S6wtS,The Japanese Spot 70,"restaurant,food,point_of_interest,establishment",3.8,1154.0,4.0,51.504195020581236,-0.10649250194165868,"City of London, London",OPERATIONAL,A popular Japanese restaurant in the heart of the city.,http://example.com,+44 20 1234 5678,japanese,manual,en,1.0,5,"{""en"": 5}",japanese,manual,,,
sample_55MRAOY8QB,The Italian Spot 71,"restaurant,food,point_of_interest,establishment",4.7,1038.0,4.0,51.50326051352857,-0.09670114401907087,"City of London, London",OPERATIONAL,A popular Italian restaurant in the heart of the city.,http://example.com,+44 20 1234 5678,italian,manual,en,1.0,5,"{""en"": 5}",italian,manual,,,
sample_OlTf4AtCyz,The Ethiopian Spot 72,"restaurant,food,point_of_interest,establishment",4.2,606.0,1.0,51.502073160847495,-0.0971331687566009,"City of London, London",OPERATIONAL,A popular Ethiopian restaurant in the heart of the city.,http://example.com,+44 20 1234 5678,ethiopian,manual,en,1.0,5,"{""en"": 5}",ethiopian,manual,,,
sample_RTSPlaTrCC,The Chinese Spot 73,"restaurant,food,point_of_interest,establishment",4.9,920.0,4.0,51.51852382585361,-0.0870714809787778,"City of London, London",OPERATIONAL,A popular Chinese restaurant in the heart of the city.,http://example.com,+44 20 1234 5678,chinese,manual,en,1.0,5,"{""en"": 5}",chinese,manual,,,
sample_NmNwofICX4,The Italian Spot 74,"restaurant,food,point_of_interest,establishment",4.1,579.0,1.0,51.512661659538,-0.10299683765988651,"City of London, London",OPERATIONAL,A popular Italian restaurant in the heart of the city.,http://example.com,+44 20 1234 5678,italian,manual,en,1.0,5,"{""en"": 5}",italian,manual,,,
sample_zcfHGxiZjV,The Brazilian Spot 75,"restaurant,food,point_of_interest,establishment",3.7,1463.0,4.0,51.521099734812616,-0.08425461662357275,"City of London, London",OPERATIONAL,A popular Brazilian restaurant in the heart of the city.,http://example.com,+44 20 1234 5678,brazilian,manual,en,1.0,5,"{""en"": 5}",brazilian,manual,,,
sample_m81FPgeHGf,The Japanese Spot 76,"restaurant,food,point_of_interest,establishment",4.8,608.0,2.0,51.507281480037,-0.1052381717567747,"City of London, London",OPERATIONAL,A popular Japanese restaurant in the heart of the city.,http://example.com,+44 20 1234 5678,japanese,manual,en,1.0,5,"{""en"": 5}",japanese,manual,,,
sample_uBMshybyJw,The Indian Spot 77,"restaurant,food,point_of_interest,establishment",4.7,1306.0,4.0,51.51319849693277,-0.10355558249093166,"City of London, London",OPERATIONAL,A popular Indian restaurant in the heart of the city.,http://example.com,+44 20 1234 5678,indian,manual,en,1.0,5,"{""en"": 5}",indian,manual,,,
sample_fd5xJ91wA4,The Vietnamese Spot 78,"restaurant,food,point_of_interest,establishment",3.5,1275.0,3.0,51.51831126151678,-0.08023127936896647,"City of London, London",OPERATIONAL,A popular Vietnamese restaurant in the heart of the city.,http://example.com,+44 20 1234 5678,vietnamese,manual,en,1.0,5,"{""en"": 5}",vietnamese,manual,,,
sample_kupqMubiTM,The Lebanese Spot 79,"restaurant,food,point_of_interest,establishment",5.0,139.0,1.0,51.517066541331666,-0.08195921287209931,"City of London, London",OPERATIONAL,A popular Lebanese restaurant in the heart of the city.,http://example.com,+44 20 1234 5678,lebanese,manual,en,1.0,5,"{""en"": 5}",lebanese,manual,,,
sample_thmTBM5521,The Thai Spot 80,"restaurant,food,point_of_interest,establishment",4.0,1600.0,1.0,51.50660040367001,-0.07797731607838833,"City of London, London",OPERATIONAL,A popular Thai restaurant in the heart of the city.,http://example.com,+44 20 1234 5678,thai,manual,en,1.0,5,"{""en"": 5}",thai,manual,,,
sample_7vmM3hYvPt,The French Spot 81,"restaurant,food,point_of_interest,establishment",4.7,1979.0,2.0,51.5138882723574,-0.08737181698393144,"City of London, London",OPERATIONAL,A popular French restaurant in the heart of the city.,http://example.com,+44 20 1234 5678,french,manual,en,1.0,5,"{""en"": 5}",french,manual,,,
sample_OxMxY9stiF,The Korean Spot 82,"restaurant,food,point_of_interest,establishment",4.5,825.0,3.0,51.50311392031297,-0.0803771251196585,"City of London, London",OPERATIONAL,A popular Korean restaurant in the heart of the city.,http://example.com,+44 20 1234 5678,korean,manual,en,1.0,5,"{""en"": 5}",korean,manual,,,
sample_mowROQAiuI,The Italian Spot 83,"restaurant,food,point_of_interest,establishment",4.3,1387.0,2.0,51.50269675136922,-0.10616077219209934,"City of London, London",OPERATIONAL,A popular Italian restaurant in the heart of the city.,http://example.com,+44 20 1234 5678,italian,manual,en,1.0,5,"{""en"": 5}",italian,manual,,,
sample_XSuIBXxZ89,The Thai Spot 84,"restaurant,food,point_of_interest,establishment",4.6,475.0,2.0,51.519201868665704,-0.07378151628031812,"City of London, London",OPERATIONAL,A popular Thai restaurant in the heart of the city.,http://example.com,+44 20 1234 5678,thai,manual,en,1.0,5,"{""en"": 5}",thai,manual,,,
sample_NoWyDsOrhS,The Thai Spot 85,"restaurant,food,point_of_interest,establishment",4.5,1228.0,4.0,51.5092527564117,-0.070874592958757,"City of London, London",OPERATIONAL,A popular Thai restaurant in the heart of the city.,http://example.com,+44 20 1234 5678,thai,manual,en,1.0,5,"{""en"": 5}",thai,manual,,,
sample_5Iwxt6nwvH,The Ethiopian Spot 86,"restaurant,food,point_of_interest,establishment",4.9,1724.0,1.0,51.50677104424744,-0.08370676385822154,"City of London, London",OPERATIONAL,A popular Ethiopian restaurant in the heart of the city.,http://example.com,+44 20 1234 5678,ethiopian,manual,en,1.0,5,"{""en"": 5}",ethiopian,manual,,,
sample_AyytBX1E5O,The Spanish Spot 87,"restaurant,food,point_of_interest,establishment",4.3,1440.0,4.0,51.513508616705806,-0.07611335455876302,"City of London, London",OPERATIONAL,A popular Spanish restaurant in the heart of the city.,http://example.com,+44 20 1234 5678,spanish,manual,en,1.0,5,"{""en"": 5}",spanish,manual,,,
sample_KxqnKSXvbH,The Ethiopian Spot 88,"restaurant,food,point_of_interest,establishment",3.7,1014.0,1.0,51.51230308989172,-0.08535870102903946,"City of London, London",OPERATIONAL,A popular Ethiopian restaurant in the heart of the city.,http://example.com,+44 20 1234 5678,ethiopian,manual,en,1.0,5,"{""en"": 5}",ethiopian,manual,,,
sample_HrjiM6wgvs,The Peruvian Spot 89,"restaurant,food,point_of_interest,establishment",4.2,637.0,2.0,51.50516886881164,-0.08933666612932209,"City of London, London",OPERATIONAL,A popular Peruvian restaurant in the heart of the city.,http://example.com,+44 20 1234 5678,peruvian,manual,en,1.0,5,"{""en"": 5}",peruvian,manual,,,
sample_CS9yb5L6XV,The Peruvian Spot 90,"restaurant,food,point_of_interest,establishment",3.9,665.0,1.0,51.50433989094514,-0.08110414967231205,"City of London, London",OPERATIONAL,A popular Peruvian restaurant in the heart of the city.,http://example.com,+44 20 1234 5678,peruvian,manual,en,1.0,5,"{""en"": 5}",peruvian,manual,,,
sample_KnyKC0fyXm,The Turkish Spot 91,"restaurant,food,point_of_interest,establishment",4.3,111.0,4.0,51.51696211968572,-0.10153138188217867,"City of London, London",OPERATIONAL,A popular Turkish restaurant in the heart of the city.,http://example.com,+44 20 1234 5678,turkish,manual,en,1.0,5,"{""en"": 5}",turkish,manual,,,
sample_4LxSmI5kJk,The Vietnamese Spot 92,"restaurant,food,point_of_interest,establishment",4.5,471.0,3.0,51.51374685027185,-0.09445855944273708,"City of London, London",OPERATIONAL,A popular Vietnamese restaurant in the heart of the city.,http://example.com,+44 20 1234 5678,vietnamese,manual,en,1.0,5,"{""en"": 5}",vietnamese,manual,,,
sample_uEMtNUmHhr,The Italian Spot 93,"restaurant,food,point_of_interest,establishment",3.5,695.0,1.0,51.50486838282061,-0.08140414288258306,"City of London, London",OPERATIONAL,A popular Italian restaurant in the heart of the city.,http://example.com,+44 20 1234 5678,italian,manual,en,1.0,5,"{""en"": 5}",italian,manual,,,
sample_fwp38ABx44,The Brazilian Spot 94,"restaurant,food,point_of_interest,establishment",4.1,1672.0,2.0,51.50250730548328,-0.10205501880538505,"City of London, London",OPERATIONAL,A popular Brazilian restaurant in the heart of the city.,http://example.com,+44 20 1234 5678,brazilian,manual,en,1.0,5,"{""en"": 5}",brazilian,manual,,,
sample_DCn47hd9L2,The Japanese Spot 95,"restaurant,food,point_of_interest,establishment",3.8,1497.0,2.0,51.50334368734986,-0.10326389319979572,"City of London, London",OPERATIONAL,A popular Japanese restaurant in the heart of the city.,http://example.com,+44 20 1234 5678,japanese,manual,en,1.0,5,"{""en"": 5}",japanese,manual,,,
sample_NrHUSO6Gi3,The French Spot 96,"restaurant,food,point_of_interest,establishment",3.5,898.0,2.0,51.51228348945783,-0.09254230768941107,"City of London, London",OPERATIONAL,A popular French restaurant in the heart of the city.,http://example.com,+44 20 1234 5678,french,manual,en,1.0,5,"{""en"": 5}",french,manual,,,
sample_EiGoNYI2Ar,The Brazilian Spot 97,"restaurant,food,point_of_interest,establishment",3.8,803.0,1.0,51.521815164040156,-0.08589143373575651,"City of London, London",OPERATIONAL,A popular Brazilian restaurant in the heart of the city.,http://example.com,+44 20 1234 5678,brazilian,manual,en,1.0,5,"{""en"": 5}",brazilian,manual,,,
sample_l7XRVrDRnt,The Japanese Spot 98,"restaurant,food,point_of_interest,establishment",3.7,1669.0,1.0,51.5088966910213,-0.09687306203055328,"City of London, London",OPERATIONAL,A popular Japanese restaurant in the heart of the city.,http://example.com,+44 20 1234 5678,japanese,manual,en,1.0,5,"{""en"": 5}",japanese,manual,,,
sample_6DlQEi915r,The Spanish Spot 99,"restaurant,food,point_of_interest,establishment",4.8,779.0,1.0,51.52185947155953,-0.07875983468743421,"City of London, London",OPERATIONAL,A popular Spanish restaurant in the heart of the city.,http://example.com,+44 20 1234 5678,spanish,manual,en,1.0,5,"{""en"": 5}",spanish,manual,,,
